Ancestry toikona,Ancestry snyderi,Ind,Well,GVL_Code,SampleName,Vicinity,Tributary/Collection Location,Species,Subspecies,Method,Year,Number,PlateName,PlateBarcodeName,PlateBarcodeSeq,Sample/Well Barcode (RAD Adaptor Seq),PlateNumber,Reads,Dedup,Coverage,Path,Path2,Taxon,Region,Index
9.9999999e-10,0.9908355743944902,plate-11-GGCACTTCGATGCAGG,C9,NEP17_01,OWEN_NEPD_2017_001_K,Owens River,NE Pond (White Mountain Research Center),snyderi,NA,NA,2017,NA,TuiChub_RADseq_Plate11_K,NEBNext 20,GTGGCC,CACTTCGA,11,3398010,808518,0.0830329,data/align/plate-11-GGCACTTCGATGCAGG.sort.flt.bam,data/align/plate-11-GGCACTTCGATGCAGG.sort.flt.bam,snyderi,Owens River,355
9.9999999e-10,0.999999996,plate-11-GGCTGGCATATGCAGG,D9,NEP17_02,OWEN_NEPD_2017_002_K,Owens River,NE Pond (White Mountain Research Center),snyderi,NA,NA,2017,NA,TuiChub_RADseq_Plate11_K,NEBNext 20,GTGGCC,CTGGCATA,11,23532263,4103397,0.418045,data/align/plate-11-GGCTGGCATATGCAGG.sort.flt.bam,data/downsample/plate-11-GGCTGGCATATGCAGG.reduced.bam,snyderi,Owens River,356
9.9999999e-10,0.9999999959999999,plate-11-GGGTCGTAGATGCAGG,E9,NEP17_03,OWEN_NEPD_2017_003_K,Owens River,NE Pond (White Mountain Research Center),snyderi,NA,NA,2017,NA,TuiChub_RADseq_Plate11_K,NEBNext 20,GTGGCC,GTCGTAGA,11,5164958,1174528,0.118093,data/align/plate-11-GGGTCGTAGATGCAGG.sort.flt.bam,data/align/plate-11-GGGTCGTAGATGCAGG.sort.flt.bam,snyderi,Owens River,357
9.9999999e-10,0.9999999959999999,plate-11-GGACACGAGATGCAGG,F9,NEP17_04,OWEN_NEPD_2017_004_K,Owens River,NE Pond (White Mountain Research Center),snyderi,NA,NA,2017,NA,TuiChub_RADseq_Plate11_K,NEBNext 20,GTGGCC,ACACGAGA,11,11098572,2256711,0.230516,data/align/plate-11-GGACACGAGATGCAGG.sort.flt.bam,data/downsample/plate-11-GGACACGAGATGCAGG.reduced.bam,snyderi,Owens River,358
9.9999999e-10,0.9999999959999999,plate-12-GGCGACTGGATGCAGG,D5,SEP22_01,OWEN_SEPD_2022_001_L,Owens River,SE Pond (White Mountain Research Center),snyderi,NA,NA,2022,NA,TuiChub_RADseq_Plate12_L,NEBNext 21,GTTTCG,CGACTGGA,12,6481174,2655082,0.279537,data/align/plate-12-GGCGACTGGATGCAGG.sort.flt.bam,data/downsample/plate-12-GGCGACTGGATGCAGG.reduced.bam,snyderi,Owens River,391
9.9999999e-10,0.999999996,plate-12-GGCGCATACATGCAGG,D6,SEP22_11,OWEN_SEPD_2022_011_L,Owens River,SE Pond (White Mountain Research Center),snyderi,NA,NA,2022,NA,TuiChub_RADseq_Plate12_L,NEBNext 21,GTTTCG,CGCATACA,12,4206859,1960769,0.199646,data/align/plate-12-GGCGCATACATGCAGG.sort.flt.bam,data/align/plate-12-GGCGCATACATGCAGG.sort.flt.bam,snyderi,Owens River,392
9.9999999e-10,0.999999996,plate-12-GGTGGCTTCATGCAGG,F6,SWP22_13,OWEN_SWPD_2022_013_L,Owens River,SW Pond (White Mountain Research Center),snyderi,NA,NA,2022,NA,TuiChub_RADseq_Plate12_L,NEBNext 21,GTTTCG,TGGCTTCA,12,1721330,861451,0.0858906,data/align/plate-12-GGTGGCTTCATGCAGG.sort.flt.bam,data/align/plate-12-GGTGGCTTCATGCAGG.sort.flt.bam,snyderi,Owens River,393
9.9999999e-10,0.9999999959999999,plate-12-GGCGGATTGCTGCAGG,H6,SWP22_15,OWEN_SWPD_2022_015_L,Owens River,SW Pond (White Mountain Research Center),snyderi,NA,NA,2022,NA,TuiChub_RADseq_Plate12_L,NEBNext 21,GTTTCG,CGGATTGC,12,4763362,2172052,0.222636,data/align/plate-12-GGCGGATTGCTGCAGG.sort.flt.bam,data/downsample/plate-12-GGCGGATTGCTGCAGG.reduced.bam,snyderi,Owens River,394
0.9999999959999999,9.9999999e-10,plate-10-GGAAGAGATCTGCAGG,F10,CWP10_55,OWEN_CWPD_2010_055_J,Owens River,Cottonwood Pond (White MT Research Center),toikona,NA,NA,2010,NA,TuiChub_RADseq_Plate10_J,NEBNext 18,GTCCGC,AAGAGATC,10,4140224,1004815,0.101478,data/align/plate-10-GGAAGAGATCTGCAGG.sort.flt.bam,data/align/plate-10-GGAAGAGATCTGCAGG.sort.flt.bam,toikona,Owens River,284
0.999999996,9.9999999e-10,plate-10-GGATTGGCTCTGCAGG,G10,CWP10_56,OWEN_CWPD_2010_056_J,Owens River,Cottonwood Pond (White MT Research Center),toikona,NA,NA,2010,NA,TuiChub_RADseq_Plate10_J,NEBNext 18,GTCCGC,ATTGGCTC,10,8144349,1809072,0.181729,data/align/plate-10-GGATTGGCTCTGCAGG.sort.flt.bam,data/align/plate-10-GGATTGGCTCTGCAGG.sort.flt.bam,toikona,Owens River,285
0.9999999959999999,9.9999999e-10,plate-10-GGGAGTTAGCTGCAGG,H10,CWP10_57,OWEN_CWPD_2010_057_J,Owens River,Cottonwood Pond (White MT Research Center),toikona,NA,NA,2010,NA,TuiChub_RADseq_Plate10_J,NEBNext 18,GTCCGC,GAGTTAGC,10,11832826,2526387,0.253126,data/align/plate-10-GGGAGTTAGCTGCAGG.sort.flt.bam,data/downsample/plate-10-GGGAGTTAGCTGCAGG.reduced.bam,toikona,Owens River,286
0.999999996,9.9999999e-10,plate-10-GGCATCAAGTTGCAGG,A11,CWP10_58,OWEN_CWPD_2010_058_J,Owens River,Cottonwood Pond (White MT Research Center),toikona,NA,NA,2010,NA,TuiChub_RADseq_Plate10_J,NEBNext 18,GTCCGC,CATCAAGT,10,5974880,1342887,0.135299,data/align/plate-10-GGCATCAAGTTGCAGG.sort.flt.bam,data/align/plate-10-GGCATCAAGTTGCAGG.sort.flt.bam,toikona,Owens River,287
0.999999996,9.9999999e-10,plate-11-GGAAGACGGATGCAGG,B4,MUS10_02,OWEN_MULE_2010_002_K,Owens River,Mule Spring,toikona,NA,NA,2010,NA,TuiChub_RADseq_Plate11_K,NEBNext 20,GTGGCC,AAGACGGA,11,4222523,995284,0.10186,data/align/plate-11-GGAAGACGGATGCAGG.sort.flt.bam,data/align/plate-11-GGAAGACGGATGCAGG.sort.flt.bam,toikona,Owens River,322
0.999999996,9.9999999e-10,plate-11-GGCGAACTTATGCAGG,D4,MUS10_04,OWEN_MULE_2010_004_K,Owens River,Mule Spring,toikona,NA,NA,2010,NA,TuiChub_RADseq_Plate11_K,NEBNext 20,GTGGCC,CGAACTTA,11,13669305,2784869,0.28251,data/align/plate-11-GGCGAACTTATGCAGG.sort.flt.bam,data/downsample/plate-11-GGCGAACTTATGCAGG.reduced.bam,toikona,Owens River,324
0.999999996,9.9999999e-10,plate-11-GGTGAAGAGATGCAGG,F4,MUS10_06,OWEN_MULE_2010_006_K,Owens River,Mule Spring,toikona,NA,NA,2010,NA,TuiChub_RADseq_Plate11_K,NEBNext 20,GTGGCC,TGAAGAGA,11,4506144,1075983,0.107994,data/align/plate-11-GGTGAAGAGATGCAGG.sort.flt.bam,data/align/plate-11-GGTGAAGAGATGCAGG.sort.flt.bam,toikona,Owens River,326
0.999999996,9.9999999e-10,plate-11-GGCGACTGGATGCAGG,D5,MUS10_12,OWEN_MULE_2010_012_K,Owens River,Mule Spring,toikona,NA,NA,2010,NA,TuiChub_RADseq_Plate11_K,NEBNext 20,GTGGCC,CGACTGGA,11,6112068,1344542,0.136581,data/align/plate-11-GGCGACTGGATGCAGG.sort.flt.bam,data/align/plate-11-GGCGACTGGATGCAGG.sort.flt.bam,toikona,Owens River,331