Ind,Well,GVL_Code,SampleName,Vicinity,Tributary/Collection Location,Species,Subspecies,Method,Year,Number,PlateName,PlateBarcodeName,PlateBarcodeSeq,Sample/Well Barcode (RAD Adaptor Seq),PlateNumber,Reads,Dedup,Coverage,Path
plate-1-GGACAAGCTATGCAGG,A1,CCRN01,NEWV_COLD_2011_001_A,Newark Valley,Cold Creek Reservoir,newarkensis,NA,NA,2011,NA,TuiChub_RADseq_Plate1_A,NEBNext 7,CAGATC,ACAAGCTA,1,3055358,929723,0.0935592,data/align/plate-1-GGACAAGCTATGCAGG.sort.flt.bam
plate-1-GGAACAACCATGCAGG,B1,CCRN02,NEWV_COLD_2011_002_A,Newark Valley,Cold Creek Reservoir,newarkensis,NA,NA,2011,NA,TuiChub_RADseq_Plate1_A,NEBNext 7,CAGATC,AACAACCA,1,2754998,854980,0.0862262,data/align/plate-1-GGAACAACCATGCAGG.sort.flt.bam
plate-1-GGAGATCGCATGCAGG,C1,CCRN03,NEWV_COLD_2011_003_A,Newark Valley,Cold Creek Reservoir,newarkensis,NA,NA,2011,NA,TuiChub_RADseq_Plate1_A,NEBNext 7,CAGATC,AGATCGCA,1,2186018,691054,0.0697432,data/align/plate-1-GGAGATCGCATGCAGG.sort.flt.bam
plate-1-GGCCGAAGTATGCAGG,D1,CCRN04,NEWV_COLD_2011_004_A,Newark Valley,Cold Creek Reservoir,newarkensis,NA,NA,2011,NA,TuiChub_RADseq_Plate1_A,NEBNext 7,CAGATC,CCGAAGTA,1,2861164,899014,0.0904544,data/align/plate-1-GGCCGAAGTATGCAGG.sort.flt.bam
plate-1-GGGATAGACATGCAGG,E1,CCRN05,NEWV_COLD_2011_005_A,Newark Valley,Cold Creek Reservoir,newarkensis,NA,NA,2011,NA,TuiChub_RADseq_Plate1_A,NEBNext 7,CAGATC,GATAGACA,1,3206904,973757,0.0981082,data/align/plate-1-GGGATAGACATGCAGG.sort.flt.bam
plate-1-GGTATCAGCATGCAGG,F1,CCRN06,NEWV_COLD_2011_006_A,Newark Valley,Cold Creek Reservoir,newarkensis,NA,NA,2011,NA,TuiChub_RADseq_Plate1_A,NEBNext 7,CAGATC,TATCAGCA,1,2607796,800985,0.080747,data/align/plate-1-GGTATCAGCATGCAGG.sort.flt.bam
plate-1-GGAATGTTGCTGCAGG,G1,CCRN07,NEWV_COLD_2011_007_A,Newark Valley,Cold Creek Reservoir,newarkensis,NA,NA,2011,NA,TuiChub_RADseq_Plate1_A,NEBNext 7,CAGATC,AATGTTGC,1,1984867,627796,0.0635825,data/align/plate-1-GGAATGTTGCTGCAGG.sort.flt.bam
plate-1-GGCCATCCTCTGCAGG,H1,CCRN08,NEWV_COLD_2011_008_A,Newark Valley,Cold Creek Reservoir,newarkensis,NA,NA,2011,NA,TuiChub_RADseq_Plate1_A,NEBNext 7,CAGATC,CCATCCTC,1,2468941,773444,0.0777683,data/align/plate-1-GGCCATCCTCTGCAGG.sort.flt.bam
plate-1-GGAAACATCGTGCAGG,A2,CCRN09,NEWV_COLD_2011_009_A,Newark Valley,Cold Creek Reservoir,newarkensis,NA,NA,2011,NA,TuiChub_RADseq_Plate1_A,NEBNext 7,CAGATC,AAACATCG,1,2255845,729417,0.073533,data/align/plate-1-GGAAACATCGTGCAGG.sort.flt.bam
plate-1-GGAACCGAGATGCAGG,B2,CCRN10,NEWV_COLD_2011_010_A,Newark Valley,Cold Creek Reservoir,newarkensis,NA,NA,2011,NA,TuiChub_RADseq_Plate1_A,NEBNext 7,CAGATC,AACCGAGA,1,1798623,579864,0.0580397,data/align/plate-1-GGAACCGAGATGCAGG.sort.flt.bam
plate-1-GGAGCAGGAATGCAGG,C2,CCRN11,NEWV_COLD_2011_011_A,Newark Valley,Cold Creek Reservoir,newarkensis,NA,NA,2011,NA,TuiChub_RADseq_Plate1_A,NEBNext 7,CAGATC,AGCAGGAA,1,4210348,1243672,0.125509,data/align/plate-1-GGAGCAGGAATGCAGG.sort.flt.bam
plate-1-GGCCGTGAGATGCAGG,D2,CCRN12,NEWV_COLD_2011_012_A,Newark Valley,Cold Creek Reservoir,newarkensis,NA,NA,2011,NA,TuiChub_RADseq_Plate1_A,NEBNext 7,CAGATC,CCGTGAGA,1,3183730,970540,0.0979116,data/align/plate-1-GGCCGTGAGATGCAGG.sort.flt.bam
plate-1-GGGCCACATATGCAGG,E2,CCRN13,NEWV_COLD_2011_013_A,Newark Valley,Cold Creek Reservoir,newarkensis,NA,NA,2011,NA,TuiChub_RADseq_Plate1_A,NEBNext 7,CAGATC,GCCACATA,1,2603769,808832,0.0816573,data/align/plate-1-GGGCCACATATGCAGG.sort.flt.bam
plate-1-GGACACTGACTGCAGG,G2,CCRN15,NEWV_COLD_2011_015_A,Newark Valley,Cold Creek Reservoir,newarkensis,NA,NA,2011,NA,TuiChub_RADseq_Plate1_A,NEBNext 7,CAGATC,ACACTGAC,1,1661306,537811,0.0543731,data/align/plate-1-GGACACTGACTGCAGG.sort.flt.bam
plate-1-GGCCGACAACTGCAGG,H2,CCRN16,NEWV_COLD_2011_016_A,Newark Valley,Cold Creek Reservoir,newarkensis,NA,NA,2011,NA,TuiChub_RADseq_Plate1_A,NEBNext 7,CAGATC,CCGACAAC,1,2527820,788889,0.0796083,data/align/plate-1-GGCCGACAACTGCAGG.sort.flt.bam
plate-1-GGACATTGGCTGCAGG,A3,CCRN17,NEWV_COLD_2011_017_A,Newark Valley,Cold Creek Reservoir,newarkensis,NA,NA,2011,NA,TuiChub_RADseq_Plate1_A,NEBNext 7,CAGATC,ACATTGGC,1,2595064,820435,0.082364,data/align/plate-1-GGACATTGGCTGCAGG.sort.flt.bam
plate-1-GGAACGCTTATGCAGG,B3,CCRN18,NEWV_COLD_2011_018_A,Newark Valley,Cold Creek Reservoir,newarkensis,NA,NA,2011,NA,TuiChub_RADseq_Plate1_A,NEBNext 7,CAGATC,AACGCTTA,1,3159562,982470,0.0988086,data/align/plate-1-GGAACGCTTATGCAGG.sort.flt.bam
plate-1-GGAGTCACTATGCAGG,C3,CCRN19,NEWV_COLD_2011_019_A,Newark Valley,Cold Creek Reservoir,newarkensis,NA,NA,2011,NA,TuiChub_RADseq_Plate1_A,NEBNext 7,CAGATC,AGTCACTA,1,4134763,1252244,0.125906,data/align/plate-1-GGAGTCACTATGCAGG.sort.flt.bam
plate-1-GGCCTCCTGATGCAGG,D3,CCRN20,NEWV_COLD_2011_020_A,Newark Valley,Cold Creek Reservoir,newarkensis,NA,NA,2011,NA,TuiChub_RADseq_Plate1_A,NEBNext 7,CAGATC,CCTCCTGA,1,1804375,593168,0.059596,data/align/plate-1-GGCCTCCTGATGCAGG.sort.flt.bam
plate-1-GGGCGAGTAATGCAGG,E3,CCRN21,NEWV_COLD_2011_021_A,Newark Valley,Cold Creek Reservoir,newarkensis,NA,NA,2011,NA,TuiChub_RADseq_Plate1_A,NEBNext 7,CAGATC,GCGAGTAA,1,2300524,725949,0.0731223,data/align/plate-1-GGGCGAGTAATGCAGG.sort.flt.bam
plate-1-GGTCTTCACATGCAGG,F3,CCRN22,NEWV_COLD_2011_022_A,Newark Valley,Cold Creek Reservoir,newarkensis,NA,NA,2011,NA,TuiChub_RADseq_Plate1_A,NEBNext 7,CAGATC,TCTTCACA,1,1566083,519730,0.052223,data/align/plate-1-GGTCTTCACATGCAGG.sort.flt.bam
plate-1-GGACAGATTCTGCAGG,G3,CCRN23,NEWV_COLD_2011_023_A,Newark Valley,Cold Creek Reservoir,newarkensis,NA,NA,2011,NA,TuiChub_RADseq_Plate1_A,NEBNext 7,CAGATC,ACAGATTC,1,2811068,889421,0.0898716,data/align/plate-1-GGACAGATTCTGCAGG.sort.flt.bam
plate-1-GGAGTCAAGCTGCAGG,H3,CCRN24,NEWV_COLD_2011_024_A,Newark Valley,Cold Creek Reservoir,newarkensis,NA,NA,2011,NA,TuiChub_RADseq_Plate1_A,NEBNext 7,CAGATC,AGTCAAGC,1,2144615,682320,0.0687801,data/align/plate-1-GGAGTCAAGCTGCAGG.sort.flt.bam
plate-1-GGACCACTGTTGCAGG,A4,CCRN25,NEWV_COLD_2011_025_A,Newark Valley,Cold Creek Reservoir,newarkensis,NA,NA,2011,NA,TuiChub_RADseq_Plate1_A,NEBNext 7,CAGATC,ACCACTGT,1,2246953,724406,0.0726227,data/align/plate-1-GGACCACTGTTGCAGG.sort.flt.bam
plate-2-GGATAGCGACTGCAGG,G8,NV12_01,NWKV_NVTW_2022_001_B,Newark Valley,NV12,newarkensis,NA,NA,2022,NA,TuiChub_RADseq_Plate2_B,NEBNext 8,ACTTGA,ATAGCGAC,2,21662493,5256358,0.539652,data/align/plate-2-GGATAGCGACTGCAGG.sort.flt.bam
plate-2-GGGAACAGGCTGCAGG,H8,NV12_02,NWKV_NVTW_2022_002_B,Newark Valley,NV12,newarkensis,NA,NA,2022,NA,TuiChub_RADseq_Plate2_B,NEBNext 8,ACTTGA,GAACAGGC,2,22147340,5321674,0.549077,data/align/plate-2-GGGAACAGGCTGCAGG.sort.flt.bam
plate-2-GGAACGAACGTGCAGG,A9,NV12_03,NWKV_NVTW_2022_003_B,Newark Valley,NV12,newarkensis,NA,NA,2022,NA,TuiChub_RADseq_Plate2_B,NEBNext 8,ACTTGA,AACGAACG,2,19331640,4799687,0.495518,data/align/plate-2-GGAACGAACGTGCAGG.sort.flt.bam
plate-2-GGACGCTCGATGCAGG,B9,NV12_04,NWKV_NVTW_2022_004_B,Newark Valley,NV12,newarkensis,NA,NA,2022,NA,TuiChub_RADseq_Plate2_B,NEBNext 8,ACTTGA,ACGCTCGA,2,24773400,5807549,0.598168,data/align/plate-2-GGACGCTCGATGCAGG.sort.flt.bam
plate-2-GGCACTTCGATGCAGG,C9,NV12_05,NWKV_NVTW_2022_005_B,Newark Valley,NV12,newarkensis,NA,NA,2022,NA,TuiChub_RADseq_Plate2_B,NEBNext 8,ACTTGA,CACTTCGA,2,15820475,4145802,0.428398,data/align/plate-2-GGCACTTCGATGCAGG.sort.flt.bam
plate-2-GGCTGGCATATGCAGG,D9,NV12_06,NWKV_NVTW_2022_006_B,Newark Valley,NV12,newarkensis,NA,NA,2022,NA,TuiChub_RADseq_Plate2_B,NEBNext 8,ACTTGA,CTGGCATA,2,10313662,2867200,0.297233,data/align/plate-2-GGCTGGCATATGCAGG.sort.flt.bam
plate-2-GGGTCGTAGATGCAGG,E9,NV12_07,NWKV_NVTW_2022_007_B,Newark Valley,NV12,newarkensis,NA,NA,2022,NA,TuiChub_RADseq_Plate2_B,NEBNext 8,ACTTGA,GTCGTAGA,2,6263828,1834884,0.168799,data/align/plate-2-GGGTCGTAGATGCAGG.sort.flt.bam
plate-2-GGACACGAGATGCAGG,F9,NV12_08,NWKV_NVTW_2022_008_B,Newark Valley,NV12,newarkensis,NA,NA,2022,NA,TuiChub_RADseq_Plate2_B,NEBNext 8,ACTTGA,ACACGAGA,2,24511532,5717842,0.586377,data/align/plate-2-GGACACGAGATGCAGG.sort.flt.bam
plate-2-GGACGACAAGTGCAGG,G9,NV12_09,NWKV_NVTW_2022_009_B,Newark Valley,NV12,newarkensis,NA,NA,2022,NA,TuiChub_RADseq_Plate2_B,NEBNext 8,ACTTGA,ACGACAAG,2,26375851,6126661,0.624225,data/align/plate-2-GGACGACAAGTGCAGG.sort.flt.bam
plate-2-GGGACAGTGCTGCAGG,H9,NV12_10,NWKV_NVTW_2022_010_B,Newark Valley,NV12,newarkensis,NA,NA,2022,NA,TuiChub_RADseq_Plate2_B,NEBNext 8,ACTTGA,GACAGTGC,2,15614378,3976684,0.411325,data/align/plate-2-GGGACAGTGCTGCAGG.sort.flt.bam
plate-2-GGAGTACAAGTGCAGG,A10,NV12_11,NWKV_NVTW_2022_011_B,Newark Valley,NV12,newarkensis,NA,NA,2022,NA,TuiChub_RADseq_Plate2_B,NEBNext 8,ACTTGA,AGTACAAG,2,45338238,9425590,0.933377,data/align/plate-2-GGAGTACAAGTGCAGG.sort.flt.bam
plate-2-GGACGTATCATGCAGG,B10,NV12_12,NWKV_NVTW_2022_012_B,Newark Valley,NV12,newarkensis,NA,NA,2022,NA,TuiChub_RADseq_Plate2_B,NEBNext 8,ACTTGA,ACGTATCA,2,24067451,5656925,0.581755,data/align/plate-2-GGACGTATCATGCAGG.sort.flt.bam
plate-2-GGCAGCGTTATGCAGG,C10,NV12_13,NWKV_NVTW_2022_013_B,Newark Valley,NV12,newarkensis,NA,NA,2022,NA,TuiChub_RADseq_Plate2_B,NEBNext 8,ACTTGA,CAGCGTTA,2,31329005,7007784,0.71329,data/align/plate-2-GGCAGCGTTATGCAGG.sort.flt.bam
plate-2-GGGAATCTGATGCAGG,D10,NV12_14,NWKV_NVTW_2022_014_B,Newark Valley,NV12,newarkensis,NA,NA,2022,NA,TuiChub_RADseq_Plate2_B,NEBNext 8,ACTTGA,GAATCTGA,2,10181907,2892736,0.296093,data/align/plate-2-GGGAATCTGATGCAGG.sort.flt.bam
plate-2-GGGTCTGTCATGCAGG,E10,NV12_15,NWKV_NVTW_2022_015_B,Newark Valley,NV12,newarkensis,NA,NA,2022,NA,TuiChub_RADseq_Plate2_B,NEBNext 8,ACTTGA,GTCTGTCA,2,9231605,2590189,0.268662,data/align/plate-2-GGGTCTGTCATGCAGG.sort.flt.bam
plate-2-GGAAGAGATCTGCAGG,F10,NV12_16,NWKV_NVTW_2022_016_B,Newark Valley,NV12,newarkensis,NA,NA,2022,NA,TuiChub_RADseq_Plate2_B,NEBNext 8,ACTTGA,AAGAGATC,2,13650885,3686129,0.381614,data/align/plate-2-GGAAGAGATCTGCAGG.sort.flt.bam
plate-2-GGATTGGCTCTGCAGG,G10,NV12_17,NWKV_NVTW_2022_017_B,Newark Valley,NV12,newarkensis,NA,NA,2022,NA,TuiChub_RADseq_Plate2_B,NEBNext 8,ACTTGA,ATTGGCTC,2,13296793,3530814,0.365909,data/align/plate-2-GGATTGGCTCTGCAGG.sort.flt.bam
plate-2-GGGAGTTAGCTGCAGG,H10,NV12_18,NWKV_NVTW_2022_018_B,Newark Valley,NV12,newarkensis,NA,NA,2022,NA,TuiChub_RADseq_Plate2_B,NEBNext 8,ACTTGA,GAGTTAGC,2,21649474,5267764,0.543813,data/align/plate-2-GGGAGTTAGCTGCAGG.sort.flt.bam
plate-2-GGCATCAAGTTGCAGG,A11,NV12_19,NWKV_NVTW_2022_019_B,Newark Valley,NV12,newarkensis,NA,NA,2022,NA,TuiChub_RADseq_Plate2_B,NEBNext 8,ACTTGA,CATCAAGT,2,25580902,5971993,0.614613,data/align/plate-2-GGCATCAAGTTGCAGG.sort.flt.bam
plate-2-GGACTATGCATGCAGG,B11,NV12_20,NWKV_NVTW_2022_020_B,Newark Valley,NV12,newarkensis,NA,NA,2022,NA,TuiChub_RADseq_Plate2_B,NEBNext 8,ACTTGA,ACTATGCA,2,21284020,5185390,0.534613,data/align/plate-2-GGACTATGCATGCAGG.sort.flt.bam
plate-2-GGCATACCAATGCAGG,C11,NV12_21,NWKV_NVTW_2022_021_B,Newark Valley,NV12,newarkensis,NA,NA,2022,NA,TuiChub_RADseq_Plate2_B,NEBNext 8,ACTTGA,CATACCAA,2,12451039,3398730,0.351719,data/align/plate-2-GGCATACCAATGCAGG.sort.flt.bam
plate-2-GGGACTAGTATGCAGG,D11,NV12_22,NWKV_NVTW_2022_022_B,Newark Valley,NV12,newarkensis,NA,NA,2022,NA,TuiChub_RADseq_Plate2_B,NEBNext 8,ACTTGA,GACTAGTA,2,28325328,6460687,0.664022,data/align/plate-2-GGGACTAGTATGCAGG.sort.flt.bam
plate-2-GGGTGTTCTATGCAGG,E11,NV12_23,NWKV_NVTW_2022_023_B,Newark Valley,NV12,newarkensis,NA,NA,2022,NA,TuiChub_RADseq_Plate2_B,NEBNext 8,ACTTGA,GTGTTCTA,2,33681771,7401129,0.752863,data/align/plate-2-GGGTGTTCTATGCAGG.sort.flt.bam
plate-2-GGAAGGACACTGCAGG,F11,NV12_24,NWKV_NVTW_2022_024_B,Newark Valley,NV12,newarkensis,NA,NA,2022,NA,TuiChub_RADseq_Plate2_B,NEBNext 8,ACTTGA,AAGGACAC,2,15578858,3995849,0.411966,data/align/plate-2-GGAAGGACACTGCAGG.sort.flt.bam
plate-2-GGCAAGGAGCTGCAGG,G11,NV12_25,NWKV_NVTW_2022_025_B,Newark Valley,NV12,newarkensis,NA,NA,2022,NA,TuiChub_RADseq_Plate2_B,NEBNext 8,ACTTGA,CAAGGAGC,2,18986035,4840445,0.495353,data/align/plate-2-GGCAAGGAGCTGCAGG.sort.flt.bam
plate-2-GGGATGAATCTGCAGG,H11,NV9_01,NWKV_NVNI_2022_001_B,Newark Valley,NV9,newarkensis,NA,NA,2022,NA,TuiChub_RADseq_Plate2_B,NEBNext 8,ACTTGA,GATGAATC,2,7074434,2083287,0.216287,data/align/plate-2-GGGATGAATCTGCAGG.sort.flt.bam
plate-2-GGAGTGGTCATGCAGG,A12,NV9_02,NWKV_NVNI_2022_002_B,Newark Valley,NV9,newarkensis,NA,NA,2022,NA,TuiChub_RADseq_Plate2_B,NEBNext 8,ACTTGA,AGTGGTCA,2,13895598,3768585,0.359554,data/align/plate-2-GGAGTGGTCATGCAGG.sort.flt.bam
plate-2-GGAGAGTCAATGCAGG,B12,NV9_03,NWKV_NVNI_2022_003_B,Newark Valley,NV9,newarkensis,NA,NA,2022,NA,TuiChub_RADseq_Plate2_B,NEBNext 8,ACTTGA,AGAGTCAA,2,8847526,2519101,0.26094,data/align/plate-2-GGAGAGTCAATGCAGG.sort.flt.bam
plate-2-GGCCAGTTCATGCAGG,C12,NV9_04,NWKV_NVNI_2022_004_B,Newark Valley,NV9,newarkensis,NA,NA,2022,NA,TuiChub_RADseq_Plate2_B,NEBNext 8,ACTTGA,CCAGTTCA,2,20694444,5122990,0.523547,data/align/plate-2-GGCCAGTTCATGCAGG.sort.flt.bam
plate-3-GGACAAGCTATGCAGG,A1,NV9_05,NWKV_NVNI_2022_005_C,Newark Valley,NV9,newarkensis,NA,NA,2022,NA,TuiChub_RADseq_Plate3_C,NEBNext 9,GATCAG,ACAAGCTA,3,7924224,2419016,0.25323,data/align/plate-3-GGACAAGCTATGCAGG.sort.flt.bam
plate-3-GGAACAACCATGCAGG,B1,NV9_06,NWKV_NVNI_2022_006_C,Newark Valley,NV9,newarkensis,NA,NA,2022,NA,TuiChub_RADseq_Plate3_C,NEBNext 9,GATCAG,AACAACCA,3,6900068,2156100,0.226435,data/align/plate-3-GGAACAACCATGCAGG.sort.flt.bam
plate-3-GGAGATCGCATGCAGG,C1,NV9_07,NWKV_NVNI_2022_007_C,Newark Valley,NV9,newarkensis,NA,NA,2022,NA,TuiChub_RADseq_Plate3_C,NEBNext 9,GATCAG,AGATCGCA,3,3151271,1103901,0.116044,data/align/plate-3-GGAGATCGCATGCAGG.sort.flt.bam
plate-3-GGCCGAAGTATGCAGG,D1,NV9_08,NWKV_NVNI_2022_008_C,Newark Valley,NV9,newarkensis,NA,NA,2022,NA,TuiChub_RADseq_Plate3_C,NEBNext 9,GATCAG,CCGAAGTA,3,4292254,1428951,0.150113,data/align/plate-3-GGCCGAAGTATGCAGG.sort.flt.bam
plate-3-GGGATAGACATGCAGG,E1,NV9_09,NWKV_NVNI_2022_009_C,Newark Valley,NV9,newarkensis,NA,NA,2022,NA,TuiChub_RADseq_Plate3_C,NEBNext 9,GATCAG,GATAGACA,3,2127442,760390,0.0799403,data/align/plate-3-GGGATAGACATGCAGG.sort.flt.bam
plate-3-GGTATCAGCATGCAGG,F1,NV9_10,NWKV_NVNI_2022_010_C,Newark Valley,NV9,newarkensis,NA,NA,2022,NA,TuiChub_RADseq_Plate3_C,NEBNext 9,GATCAG,TATCAGCA,3,1430525,528945,0.0550784,data/align/plate-3-GGTATCAGCATGCAGG.sort.flt.bam
plate-3-GGAATGTTGCTGCAGG,G1,NV9_11,NWKV_NVNI_2022_011_C,Newark Valley,NV9,newarkensis,NA,NA,2022,NA,TuiChub_RADseq_Plate3_C,NEBNext 9,GATCAG,AATGTTGC,3,2576366,908276,0.0946677,data/align/plate-3-GGAATGTTGCTGCAGG.sort.flt.bam
plate-3-GGCCATCCTCTGCAGG,H1,NV9_12,NWKV_NVNI_2022_012_C,Newark Valley,NV9,newarkensis,NA,NA,2022,NA,TuiChub_RADseq_Plate3_C,NEBNext 9,GATCAG,CCATCCTC,3,5252509,1719312,0.180845,data/align/plate-3-GGCCATCCTCTGCAGG.sort.flt.bam
plate-3-GGAAACATCGTGCAGG,A2,NV9_13,NWKV_NVNI_2022_013_C,Newark Valley,NV9,newarkensis,NA,NA,2022,NA,TuiChub_RADseq_Plate3_C,NEBNext 9,GATCAG,AAACATCG,3,12662132,3588189,0.374565,data/align/plate-3-GGAAACATCGTGCAGG.sort.flt.bam
plate-3-GGAACCGAGATGCAGG,B2,NV9_14,NWKV_NVNI_2022_014_C,Newark Valley,NV9,newarkensis,NA,NA,2022,NA,TuiChub_RADseq_Plate3_C,NEBNext 9,GATCAG,AACCGAGA,3,2413669,841943,0.0869989,data/align/plate-3-GGAACCGAGATGCAGG.sort.flt.bam
plate-3-GGAGCAGGAATGCAGG,C2,NV9_15,NWKV_NVNI_2022_015_C,Newark Valley,NV9,newarkensis,NA,NA,2022,NA,TuiChub_RADseq_Plate3_C,NEBNext 9,GATCAG,AGCAGGAA,3,3963279,1302560,0.134997,data/align/plate-3-GGAGCAGGAATGCAGG.sort.flt.bam
plate-3-GGCCGTGAGATGCAGG,D2,NV9_16,NWKV_NVNI_2022_016_C,Newark Valley,NV9,newarkensis,NA,NA,2022,NA,TuiChub_RADseq_Plate3_C,NEBNext 9,GATCAG,CCGTGAGA,3,8111809,2475454,0.257958,data/align/plate-3-GGCCGTGAGATGCAGG.sort.flt.bam
plate-3-GGGCCACATATGCAGG,E2,NV9_17,NWKV_NVNI_2022_017_C,Newark Valley,NV9,newarkensis,NA,NA,2022,NA,TuiChub_RADseq_Plate3_C,NEBNext 9,GATCAG,GCCACATA,3,16731493,4429157,0.449528,data/align/plate-3-GGGCCACATATGCAGG.sort.flt.bam
plate-3-GGTCCGTCTATGCAGG,F2,NV9_18,NWKV_NVNI_2022_018_C,Newark Valley,NV9,newarkensis,NA,NA,2022,NA,TuiChub_RADseq_Plate3_C,NEBNext 9,GATCAG,TCCGTCTA,3,4861476,1618790,0.169488,data/align/plate-3-GGTCCGTCTATGCAGG.sort.flt.bam
plate-3-GGACACTGACTGCAGG,G2,NV9_19,NWKV_NVNI_2022_019_C,Newark Valley,NV9,newarkensis,NA,NA,2022,NA,TuiChub_RADseq_Plate3_C,NEBNext 9,GATCAG,ACACTGAC,3,4911348,1591943,0.162132,data/align/plate-3-GGACACTGACTGCAGG.sort.flt.bam
plate-3-GGCCGACAACTGCAGG,H2,NV9_20,NWKV_NVNI_2022_020_C,Newark Valley,NV9,newarkensis,NA,NA,2022,NA,TuiChub_RADseq_Plate3_C,NEBNext 9,GATCAG,CCGACAAC,3,4987305,1627632,0.168364,data/align/plate-3-GGCCGACAACTGCAGG.sort.flt.bam
plate-3-GGACATTGGCTGCAGG,A3,NN3_N_01,NWKV_NNTN_2022_001_C,Newark Valley,NN3_North,newarkensis,NA,NA,2022,NA,TuiChub_RADseq_Plate3_C,NEBNext 9,GATCAG,ACATTGGC,3,10192594,3047961,0.319499,data/align/plate-3-GGACATTGGCTGCAGG.sort.flt.bam
plate-3-GGAACGCTTATGCAGG,B3,NN3_N_02,NWKV_NNTN_2022_002_C,Newark Valley,NN3_North,newarkensis,NA,NA,2022,NA,TuiChub_RADseq_Plate3_C,NEBNext 9,GATCAG,AACGCTTA,3,13782960,3849512,0.402275,data/align/plate-3-GGAACGCTTATGCAGG.sort.flt.bam
plate-3-GGAGTCACTATGCAGG,C3,NN3_N_03,NWKV_NNTN_2022_003_C,Newark Valley,NN3_North,newarkensis,NA,NA,2022,NA,TuiChub_RADseq_Plate3_C,NEBNext 9,GATCAG,AGTCACTA,3,5469637,1762012,0.182692,data/align/plate-3-GGAGTCACTATGCAGG.sort.flt.bam
plate-3-GGCCTCCTGATGCAGG,D3,NN3_N_04,NWKV_NNTN_2022_004_C,Newark Valley,NN3_North,newarkensis,NA,NA,2022,NA,TuiChub_RADseq_Plate3_C,NEBNext 9,GATCAG,CCTCCTGA,3,14554752,4038662,0.422259,data/align/plate-3-GGCCTCCTGATGCAGG.sort.flt.bam
plate-3-GGGCGAGTAATGCAGG,E3,NN3_N_05,NWKV_NNTN_2022_005_C,Newark Valley,NN3_North,newarkensis,NA,NA,2022,NA,TuiChub_RADseq_Plate3_C,NEBNext 9,GATCAG,GCGAGTAA,3,2941433,1021049,0.106793,data/align/plate-3-GGGCGAGTAATGCAGG.sort.flt.bam
plate-3-GGTCTTCACATGCAGG,F3,NN3_N_06,NWKV_NNTN_2022_006_C,Newark Valley,NN3_North,newarkensis,NA,NA,2022,NA,TuiChub_RADseq_Plate3_C,NEBNext 9,GATCAG,TCTTCACA,3,4749551,1601487,0.168289,data/align/plate-3-GGTCTTCACATGCAGG.sort.flt.bam
plate-3-GGACAGATTCTGCAGG,G3,NN3_N_07,NWKV_NNTN_2022_007_C,Newark Valley,NN3_North,newarkensis,NA,NA,2022,NA,TuiChub_RADseq_Plate3_C,NEBNext 9,GATCAG,ACAGATTC,3,10111262,2983884,0.31275,data/align/plate-3-GGACAGATTCTGCAGG.sort.flt.bam
plate-3-GGAGTCAAGCTGCAGG,H3,NN3_N_08,NWKV_NNTN_2022_008_C,Newark Valley,NN3_North,newarkensis,NA,NA,2022,NA,TuiChub_RADseq_Plate3_C,NEBNext 9,GATCAG,AGTCAAGC,3,13952186,3844288,0.399925,data/align/plate-3-GGAGTCAAGCTGCAGG.sort.flt.bam
plate-3-GGACCACTGTTGCAGG,A4,NN3_N_09,NWKV_NNTN_2022_009_C,Newark Valley,NN3_North,newarkensis,NA,NA,2022,NA,TuiChub_RADseq_Plate3_C,NEBNext 9,GATCAG,ACCACTGT,3,8831263,2658813,0.277865,data/align/plate-3-GGACCACTGTTGCAGG.sort.flt.bam
plate-3-GGAAGACGGATGCAGG,B4,NN3_N_10,NWKV_NNTN_2022_010_C,Newark Valley,NN3_North,newarkensis,NA,NA,2022,NA,TuiChub_RADseq_Plate3_C,NEBNext 9,GATCAG,AAGACGGA,3,2248044,815385,0.0855956,data/align/plate-3-GGAAGACGGATGCAGG.sort.flt.bam
plate-3-GGATCCTGTATGCAGG,C4,NN3_N_11,NWKV_NNTN_2022_011_C,Newark Valley,NN3_North,newarkensis,NA,NA,2022,NA,TuiChub_RADseq_Plate3_C,NEBNext 9,GATCAG,ATCCTGTA,3,4790438,1570964,0.164992,data/align/plate-3-GGATCCTGTATGCAGG.sort.flt.bam
plate-3-GGCGAACTTATGCAGG,D4,NN3_N_12,NWKV_NNTN_2022_012_C,Newark Valley,NN3_North,newarkensis,NA,NA,2022,NA,TuiChub_RADseq_Plate3_C,NEBNext 9,GATCAG,CGAACTTA,3,6184737,1948272,0.202853,data/align/plate-3-GGCGAACTTATGCAGG.sort.flt.bam
plate-3-GGGCTAACGATGCAGG,E4,NN3_N_13,NWKV_NNTN_2022_013_C,Newark Valley,NN3_North,newarkensis,NA,NA,2022,NA,TuiChub_RADseq_Plate3_C,NEBNext 9,GATCAG,GCTAACGA,3,6026006,1925639,0.201386,data/align/plate-3-GGGCTAACGATGCAGG.sort.flt.bam
plate-3-GGTGAAGAGATGCAGG,F4,NN3_N_14,NWKV_NNTN_2022_014_C,Newark Valley,NN3_North,newarkensis,NA,NA,2022,NA,TuiChub_RADseq_Plate3_C,NEBNext 9,GATCAG,TGAAGAGA,3,2809771,986645,0.102475,data/align/plate-3-GGTGAAGAGATGCAGG.sort.flt.bam
plate-3-GGAGATGTACTGCAGG,G4,NN3_N_16,NWKV_NNTN_2022_016_C,Newark Valley,NN3_North,newarkensis,NA,NA,2022,NA,TuiChub_RADseq_Plate3_C,NEBNext 9,GATCAG,AGATGTAC,3,2577842,880006,0.092496,data/align/plate-3-GGAGATGTACTGCAGG.sort.flt.bam
plate-3-GGCCTCTATCTGCAGG,H4,NN3_N_17,NWKV_NNTN_2022_017_C,Newark Valley,NN3_North,newarkensis,NA,NA,2022,NA,TuiChub_RADseq_Plate3_C,NEBNext 9,GATCAG,CCTCTATC,3,6334694,2014234,0.211418,data/align/plate-3-GGCCTCTATCTGCAGG.sort.flt.bam
plate-3-GGAACGTGATTGCAGG,A5,NN3_N_18,NWKV_NNTN_2022_018_C,Newark Valley,NN3_North,newarkensis,NA,NA,2022,NA,TuiChub_RADseq_Plate3_C,NEBNext 9,GATCAG,AACGTGAT,3,1571788,574534,0.0588632,data/align/plate-3-GGAACGTGATTGCAGG.sort.flt.bam
plate-3-GGAAGGTACATGCAGG,B5,NN3_N_19,NWKV_NNTN_2022_019_C,Newark Valley,NN3_North,newarkensis,NA,NA,2022,NA,TuiChub_RADseq_Plate3_C,NEBNext 9,GATCAG,AAGGTACA,3,2309389,824083,0.0846964,data/align/plate-3-GGAAGGTACATGCAGG.sort.flt.bam
plate-3-GGATTGAGGATGCAGG,C5,NN3_N_20,NWKV_NNTN_2022_020_C,Newark Valley,NN3_North,newarkensis,NA,NA,2022,NA,TuiChub_RADseq_Plate3_C,NEBNext 9,GATCAG,ATTGAGGA,3,8861609,2676407,0.280355,data/align/plate-3-GGATTGAGGATGCAGG.sort.flt.bam
plate-3-GGCGACTGGATGCAGG,D5,NN3_N_21,NWKV_NNTN_2022_021_C,Newark Valley,NN3_North,newarkensis,NA,NA,2022,NA,TuiChub_RADseq_Plate3_C,NEBNext 9,GATCAG,CGACTGGA,3,8805874,2635327,0.275216,data/align/plate-3-GGCGACTGGATGCAGG.sort.flt.bam
plate-3-GGGCTCGGTATGCAGG,E5,NN3_N_22,NWKV_NNTN_2022_022_C,Newark Valley,NN3_North,newarkensis,NA,NA,2022,NA,TuiChub_RADseq_Plate3_C,NEBNext 9,GATCAG,GCTCGGTA,3,8199067,2489671,0.260423,data/align/plate-3-GGGCTCGGTATGCAGG.sort.flt.bam
plate-3-GGTGGAACAATGCAGG,F5,NN3_M_01,NWKV_NNTM_2022_001_C,Newark Valley,NN3_Mid,newarkensis,NA,NA,2022,NA,TuiChub_RADseq_Plate3_C,NEBNext 9,GATCAG,TGGAACAA,3,5049692,1647594,0.170487,data/align/plate-3-GGTGGAACAATGCAGG.sort.flt.bam
plate-3-GGAGCACCTCTGCAGG,G5,NN3_M_02,NWKV_NNTM_2022_002_C,Newark Valley,NN3_Mid,newarkensis,NA,NA,2022,NA,TuiChub_RADseq_Plate3_C,NEBNext 9,GATCAG,AGCACCTC,3,4174866,1378480,0.142518,data/align/plate-3-GGAGCACCTCTGCAGG.sort.flt.bam
plate-3-GGCGACACACTGCAGG,H5,NN3_M_03,NWKV_NNTM_2022_003_C,Newark Valley,NN3_Mid,newarkensis,NA,NA,2022,NA,TuiChub_RADseq_Plate3_C,NEBNext 9,GATCAG,CGACACAC,3,4353970,1435352,0.148899,data/align/plate-3-GGCGACACACTGCAGG.sort.flt.bam
plate-3-GGACACAGAATGCAGG,B6,NF6_02,NWKV_NFSI_2022_002_C,Newark Valley,NF6,newarkensis,NA,NA,2022,NA,TuiChub_RADseq_Plate3_C,NEBNext 9,GATCAG,ACACAGAA,3,25780028,6212030,0.644332,data/align/plate-3-GGACACAGAATGCAGG.sort.flt.bam
plate-3-GGCAACCACATGCAGG,C6,NF6_03,NWKV_NFSI_2022_003_C,Newark Valley,NF6,newarkensis,NA,NA,2022,NA,TuiChub_RADseq_Plate3_C,NEBNext 9,GATCAG,CAACCACA,3,14584881,4041995,0.420997,data/align/plate-3-GGCAACCACATGCAGG.sort.flt.bam
plate-3-GGCGCATACATGCAGG,D6,NF6_04,NWKV_NFSI_2022_004_C,Newark Valley,NF6,newarkensis,NA,NA,2022,NA,TuiChub_RADseq_Plate3_C,NEBNext 9,GATCAG,CGCATACA,3,8692107,2649718,0.276863,data/align/plate-3-GGCGCATACATGCAGG.sort.flt.bam
plate-3-GGGGAGAACATGCAGG,E6,NF6_05,NWKV_NFSI_2022_005_C,Newark Valley,NF6,newarkensis,NA,NA,2022,NA,TuiChub_RADseq_Plate3_C,NEBNext 9,GATCAG,GGAGAACA,3,2729187,919405,0.0917009,data/align/plate-3-GGGGAGAACATGCAGG.sort.flt.bam
plate-3-GGTGGCTTCATGCAGG,F6,NF6_06,NWKV_NFSI_2022_006_C,Newark Valley,NF6,newarkensis,NA,NA,2022,NA,TuiChub_RADseq_Plate3_C,NEBNext 9,GATCAG,TGGCTTCA,3,3630317,1236324,0.129691,data/align/plate-3-GGTGGCTTCATGCAGG.sort.flt.bam
plate-3-GGAGCCATGCTGCAGG,G6,NF6_07,NWKV_NFSI_2022_007_C,Newark Valley,NF6,newarkensis,NA,NA,2022,NA,TuiChub_RADseq_Plate3_C,NEBNext 9,GATCAG,AGCCATGC,3,3267751,1122318,0.117755,data/align/plate-3-GGAGCCATGCTGCAGG.sort.flt.bam
plate-3-GGCGGATTGCTGCAGG,H6,NF6_08,NWKV_NFSI_2022_008_C,Newark Valley,NF6,newarkensis,NA,NA,2022,NA,TuiChub_RADseq_Plate3_C,NEBNext 9,GATCAG,CGGATTGC,3,7019740,2202800,0.231304,data/align/plate-3-GGCGGATTGCTGCAGG.sort.flt.bam
plate-3-GGCAGATCTGTGCAGG,A7,NF6_09,NWKV_NFSI_2022_009_C,Newark Valley,NF6,newarkensis,NA,NA,2022,NA,TuiChub_RADseq_Plate3_C,NEBNext 9,GATCAG,CAGATCTG,3,7711166,2422658,0.254192,data/align/plate-3-GGCAGATCTGTGCAGG.sort.flt.bam
plate-3-GGACAGCAGATGCAGG,B7,NF6_10,NWKV_NFSI_2022_010_C,Newark Valley,NF6,newarkensis,NA,NA,2022,NA,TuiChub_RADseq_Plate3_C,NEBNext 9,GATCAG,ACAGCAGA,3,9404379,2812358,0.2947,data/align/plate-3-GGACAGCAGATGCAGG.sort.flt.bam
plate-3-GGCAAGACTATGCAGG,C7,NF6_11,NWKV_NFSI_2022_011_C,Newark Valley,NF6,newarkensis,NA,NA,2022,NA,TuiChub_RADseq_Plate3_C,NEBNext 9,GATCAG,CAAGACTA,3,15454104,4249927,0.444653,data/align/plate-3-GGCAAGACTATGCAGG.sort.flt.bam
plate-3-GGCTCAATGATGCAGG,D7,NV7_01,NWKV_NFSV_2022_001_C,Newark Valley,NV7,newarkensis,NA,NA,2022,NA,TuiChub_RADseq_Plate3_C,NEBNext 9,GATCAG,CTCAATGA,3,4388713,1483626,0.156012,data/align/plate-3-GGCTCAATGATGCAGG.sort.flt.bam
plate-3-GGGGTGCGAATGCAGG,E7,NV7_02,NWKV_NFSV_2022_002_C,Newark Valley,NV7,newarkensis,NA,NA,2022,NA,TuiChub_RADseq_Plate3_C,NEBNext 9,GATCAG,GGTGCGAA,3,4199758,1392469,0.146566,data/align/plate-3-GGGGTGCGAATGCAGG.sort.flt.bam
plate-3-GGAGGCTAACTGCAGG,G7,NV7_04,NWKV_NFSV_2022_004_C,Newark Valley,NV7,newarkensis,NA,NA,2022,NA,TuiChub_RADseq_Plate3_C,NEBNext 9,GATCAG,AGGCTAAC,3,4188489,1388355,0.146182,data/align/plate-3-GGAGGCTAACTGCAGG.sort.flt.bam
plate-3-GGCTAAGGTCTGCAGG,H7,NV7_05,NWKV_NFSV_2022_005_C,Newark Valley,NV7,newarkensis,NA,NA,2022,NA,TuiChub_RADseq_Plate3_C,NEBNext 9,GATCAG,CTAAGGTC,3,7525086,2351834,0.246529,data/align/plate-3-GGCTAAGGTCTGCAGG.sort.flt.bam
plate-3-GGATGCCTAATGCAGG,A8,NV7_06,NWKV_NFSV_2022_006_C,Newark Valley,NV7,newarkensis,NA,NA,2022,NA,TuiChub_RADseq_Plate3_C,NEBNext 9,GATCAG,ATGCCTAA,3,5070371,1654308,0.173664,data/align/plate-3-GGATGCCTAATGCAGG.sort.flt.bam
plate-3-GGACCTCCAATGCAGG,B8,NV7_07,NWKV_NFSV_2022_007_C,Newark Valley,NV7,newarkensis,NA,NA,2022,NA,TuiChub_RADseq_Plate3_C,NEBNext 9,GATCAG,ACCTCCAA,3,3789832,1290976,0.135784,data/align/plate-3-GGACCTCCAATGCAGG.sort.flt.bam
plate-3-GGCAATGGAATGCAGG,C8,NV7_08,NWKV_NFSV_2022_008_C,Newark Valley,NV7,newarkensis,NA,NA,2022,NA,TuiChub_RADseq_Plate3_C,NEBNext 9,GATCAG,CAATGGAA,3,4142497,1391594,0.145446,data/align/plate-3-GGCAATGGAATGCAGG.sort.flt.bam
plate-3-GGCTGAGCCATGCAGG,D8,NV7_09,NWKV_NFSV_2022_009_C,Newark Valley,NV7,newarkensis,NA,NA,2022,NA,TuiChub_RADseq_Plate3_C,NEBNext 9,GATCAG,CTGAGCCA,3,5907967,1873915,0.196929,data/align/plate-3-GGCTGAGCCATGCAGG.sort.flt.bam
plate-3-GGGTACGCAATGCAGG,E8,NV7_10,NWKV_NFSV_2022_010_C,Newark Valley,NV7,newarkensis,NA,NA,2022,NA,TuiChub_RADseq_Plate3_C,NEBNext 9,GATCAG,GTACGCAA,3,4239101,1406280,0.148028,data/align/plate-3-GGGTACGCAATGCAGG.sort.flt.bam
plate-3-GGATAGCGACTGCAGG,G8,NV7_12,NWKV_NFSV_2022_012_C,Newark Valley,NV7,newarkensis,NA,NA,2022,NA,TuiChub_RADseq_Plate3_C,NEBNext 9,GATCAG,ATAGCGAC,3,3053085,1050706,0.110335,data/align/plate-3-GGATAGCGACTGCAGG.sort.flt.bam
plate-3-GGGAACAGGCTGCAGG,H8,NV7_13,NWKV_NFSV_2022_013_C,Newark Valley,NV7,newarkensis,NA,NA,2022,NA,TuiChub_RADseq_Plate3_C,NEBNext 9,GATCAG,GAACAGGC,3,6607450,2084887,0.219445,data/align/plate-3-GGGAACAGGCTGCAGG.sort.flt.bam
plate-3-GGAACGAACGTGCAGG,A9,NV7_14,NWKV_NFSV_2022_014_C,Newark Valley,NV7,newarkensis,NA,NA,2022,NA,TuiChub_RADseq_Plate3_C,NEBNext 9,GATCAG,AACGAACG,3,5745277,1850075,0.194532,data/align/plate-3-GGAACGAACGTGCAGG.sort.flt.bam
plate-3-GGACGCTCGATGCAGG,B9,NV6_01,NWKV_NVSI_2022_001_C,Newark Valley,NV6,newarkensis,NA,NA,2022,NA,TuiChub_RADseq_Plate3_C,NEBNext 9,GATCAG,ACGCTCGA,3,7052200,2200820,0.230897,data/align/plate-3-GGACGCTCGATGCAGG.sort.flt.bam
plate-3-GGCACTTCGATGCAGG,C9,NV6_02,NWKV_NVSI_2022_002_C,Newark Valley,NV6,newarkensis,NA,NA,2022,NA,TuiChub_RADseq_Plate3_C,NEBNext 9,GATCAG,CACTTCGA,3,8394128,2681962,0.281937,data/align/plate-3-GGCACTTCGATGCAGG.sort.flt.bam
plate-3-GGCTGGCATATGCAGG,D9,NV6_03,NWKV_NVSI_2022_003_C,Newark Valley,NV6,newarkensis,NA,NA,2022,NA,TuiChub_RADseq_Plate3_C,NEBNext 9,GATCAG,CTGGCATA,3,2104832,758495,0.0799784,data/align/plate-3-GGCTGGCATATGCAGG.sort.flt.bam
plate-3-GGGTCGTAGATGCAGG,E9,NV6_04,NWKV_NVSI_2022_004_C,Newark Valley,NV6,newarkensis,NA,NA,2022,NA,TuiChub_RADseq_Plate3_C,NEBNext 9,GATCAG,GTCGTAGA,3,3048325,1067810,0.11228,data/align/plate-3-GGGTCGTAGATGCAGG.sort.flt.bam
plate-3-GGACACGAGATGCAGG,F9,NV6_05,NWKV_NVSI_2022_005_C,Newark Valley,NV6,newarkensis,NA,NA,2022,NA,TuiChub_RADseq_Plate3_C,NEBNext 9,GATCAG,ACACGAGA,3,5015146,1633013,0.171616,data/align/plate-3-GGACACGAGATGCAGG.sort.flt.bam
plate-3-GGACGACAAGTGCAGG,G9,NV6_06,NWKV_NVSI_2022_006_C,Newark Valley,NV6,newarkensis,NA,NA,2022,NA,TuiChub_RADseq_Plate3_C,NEBNext 9,GATCAG,ACGACAAG,3,6280662,1982595,0.208565,data/align/plate-3-GGACGACAAGTGCAGG.sort.flt.bam
plate-3-GGGACAGTGCTGCAGG,H9,NV6_07,NWKV_NVSI_2022_007_C,Newark Valley,NV6,newarkensis,NA,NA,2022,NA,TuiChub_RADseq_Plate3_C,NEBNext 9,GATCAG,GACAGTGC,3,3603533,1216990,0.128002,data/align/plate-3-GGGACAGTGCTGCAGG.sort.flt.bam
plate-3-GGAGTACAAGTGCAGG,A10,NV6_08,NWKV_NVSI_2022_008_C,Newark Valley,NV6,newarkensis,NA,NA,2022,NA,TuiChub_RADseq_Plate3_C,NEBNext 9,GATCAG,AGTACAAG,3,10945804,3146271,0.32991,data/align/plate-3-GGAGTACAAGTGCAGG.sort.flt.bam
plate-3-GGACGTATCATGCAGG,B10,NV6_09,NWKV_NVSI_2022_009_C,Newark Valley,NV6,newarkensis,NA,NA,2022,NA,TuiChub_RADseq_Plate3_C,NEBNext 9,GATCAG,ACGTATCA,3,4505304,1480147,0.155642,data/align/plate-3-GGACGTATCATGCAGG.sort.flt.bam
plate-3-GGCAGCGTTATGCAGG,C10,NV6_10,NWKV_NVSI_2022_010_C,Newark Valley,NV6,newarkensis,NA,NA,2022,NA,TuiChub_RADseq_Plate3_C,NEBNext 9,GATCAG,CAGCGTTA,3,22287953,5556655,0.578323,data/align/plate-3-GGCAGCGTTATGCAGG.sort.flt.bam
plate-3-GGGAATCTGATGCAGG,D10,NV6_11,NWKV_NVSI_2022_011_C,Newark Valley,NV6,newarkensis,NA,NA,2022,NA,TuiChub_RADseq_Plate3_C,NEBNext 9,GATCAG,GAATCTGA,3,2442352,874229,0.0909021,data/align/plate-3-GGGAATCTGATGCAGG.sort.flt.bam
plate-3-GGGTCTGTCATGCAGG,E10,NV6_12,NWKV_NVSI_2022_012_C,Newark Valley,NV6,newarkensis,NA,NA,2022,NA,TuiChub_RADseq_Plate3_C,NEBNext 9,GATCAG,GTCTGTCA,3,2722930,965017,0.10103,data/align/plate-3-GGGTCTGTCATGCAGG.sort.flt.bam
plate-3-GGAAGAGATCTGCAGG,F10,NV6_14,NWKV_NVSI_2022_014_C,Newark Valley,NV6,newarkensis,NA,NA,2022,NA,TuiChub_RADseq_Plate3_C,NEBNext 9,GATCAG,AAGAGATC,3,2764485,1034644,0.108576,data/align/plate-3-GGAAGAGATCTGCAGG.sort.flt.bam
plate-3-GGATTGGCTCTGCAGG,G10,NV6_15,NWKV_NVSI_2022_015_C,Newark Valley,NV6,newarkensis,NA,NA,2022,NA,TuiChub_RADseq_Plate3_C,NEBNext 9,GATCAG,ATTGGCTC,3,4689365,1564987,0.164438,data/align/plate-3-GGATTGGCTCTGCAGG.sort.flt.bam
plate-3-GGGAGTTAGCTGCAGG,H10,NV6_16,NWKV_NVSI_2022_016_C,Newark Valley,NV6,newarkensis,NA,NA,2022,NA,TuiChub_RADseq_Plate3_C,NEBNext 9,GATCAG,GAGTTAGC,3,6624215,2111113,0.222227,data/align/plate-3-GGGAGTTAGCTGCAGG.sort.flt.bam
plate-3-GGCATCAAGTTGCAGG,A11,NV6_17,NWKV_NVSI_2022_017_C,Newark Valley,NV6,newarkensis,NA,NA,2022,NA,TuiChub_RADseq_Plate3_C,NEBNext 9,GATCAG,CATCAAGT,3,4866546,1604420,0.168543,data/align/plate-3-GGCATCAAGTTGCAGG.sort.flt.bam
plate-3-GGACTATGCATGCAGG,B11,NV6_18,NWKV_NVSI_2022_018_C,Newark Valley,NV6,newarkensis,NA,NA,2022,NA,TuiChub_RADseq_Plate3_C,NEBNext 9,GATCAG,ACTATGCA,3,3928527,1335070,0.13982,data/align/plate-3-GGACTATGCATGCAGG.sort.flt.bam
plate-3-GGCATACCAATGCAGG,C11,NV6_19,NWKV_NVSI_2022_019_C,Newark Valley,NV6,newarkensis,NA,NA,2022,NA,TuiChub_RADseq_Plate3_C,NEBNext 9,GATCAG,CATACCAA,3,3137175,1106956,0.116257,data/align/plate-3-GGCATACCAATGCAGG.sort.flt.bam
plate-3-GGGACTAGTATGCAGG,D11,NV6_20,NWKV_NVSI_2022_020_C,Newark Valley,NV6,newarkensis,NA,NA,2022,NA,TuiChub_RADseq_Plate3_C,NEBNext 9,GATCAG,GACTAGTA,3,6908464,2186938,0.230079,data/align/plate-3-GGGACTAGTATGCAGG.sort.flt.bam
plate-3-GGGTGTTCTATGCAGG,E11,NV6_21,NWKV_NVSI_2022_021_C,Newark Valley,NV6,newarkensis,NA,NA,2022,NA,TuiChub_RADseq_Plate3_C,NEBNext 9,GATCAG,GTGTTCTA,3,6990867,2196806,0.230723,data/align/plate-3-GGGTGTTCTATGCAGG.sort.flt.bam
plate-3-GGAAGGACACTGCAGG,F11,NV6_22,NWKV_NVSI_2022_022_C,Newark Valley,NV6,newarkensis,NA,NA,2022,NA,TuiChub_RADseq_Plate3_C,NEBNext 9,GATCAG,AAGGACAC,3,3572313,1212570,0.127586,data/align/plate-3-GGAAGGACACTGCAGG.sort.flt.bam
plate-3-GGCAAGGAGCTGCAGG,G11,NV6_23,NWKV_NVSI_2022_023_C,Newark Valley,NV6,newarkensis,NA,NA,2022,NA,TuiChub_RADseq_Plate3_C,NEBNext 9,GATCAG,CAAGGAGC,3,2530564,910570,0.0955744,data/align/plate-3-GGCAAGGAGCTGCAGG.sort.flt.bam
plate-3-GGGATGAATCTGCAGG,H11,NV5_01,NWKV_NVFV_2022_001_C,Newark Valley,NV5,newarkensis,NA,NA,2022,NA,TuiChub_RADseq_Plate3_C,NEBNext 9,GATCAG,GATGAATC,3,7428392,2312094,0.242891,data/align/plate-3-GGGATGAATCTGCAGG.sort.flt.bam
plate-3-GGAGTGGTCATGCAGG,A12,NV5_02,NWKV_NVFV_2022_002_C,Newark Valley,NV5,newarkensis,NA,NA,2022,NA,TuiChub_RADseq_Plate3_C,NEBNext 9,GATCAG,AGTGGTCA,3,5526206,1789353,0.187945,data/align/plate-3-GGAGTGGTCATGCAGG.sort.flt.bam
plate-3-GGAGAGTCAATGCAGG,B12,NV5_03,NWKV_NVFV_2022_003_C,Newark Valley,NV5,newarkensis,NA,NA,2022,NA,TuiChub_RADseq_Plate3_C,NEBNext 9,GATCAG,AGAGTCAA,3,3809672,1292714,0.136079,data/align/plate-3-GGAGAGTCAATGCAGG.sort.flt.bam
plate-3-GGCCAGTTCATGCAGG,C12,NV5_04,NWKV_NVFV_2022_004_C,Newark Valley,NV5,newarkensis,NA,NA,2022,NA,TuiChub_RADseq_Plate3_C,NEBNext 9,GATCAG,CCAGTTCA,3,5587823,1822060,0.191721,data/align/plate-3-GGCCAGTTCATGCAGG.sort.flt.bam
plate-4-GGACAAGCTATGCAGG,A1,NV5_05,NWKV_NVFV_2022_005_D,Newark Valley,NV5,newarkensis,NA,NA,2022,NA,TuiChub_RADseq_Plate4_D,NEBNext 10,TAGCTT,ACAAGCTA,4,5954049,2444938,0.259262,data/align/plate-4-GGACAAGCTATGCAGG.sort.flt.bam
plate-4-GGAACAACCATGCAGG,B1,NV5_06,NWKV_NVFV_2022_006_D,Newark Valley,NV5,newarkensis,NA,NA,2022,NA,TuiChub_RADseq_Plate4_D,NEBNext 10,TAGCTT,AACAACCA,4,3569466,1567587,0.166012,data/align/plate-4-GGAACAACCATGCAGG.sort.flt.bam
plate-4-GGAGATCGCATGCAGG,C1,NV5_07,NWKV_NVFV_2022_007_D,Newark Valley,NV5,newarkensis,NA,NA,2022,NA,TuiChub_RADseq_Plate4_D,NEBNext 10,TAGCTT,AGATCGCA,4,10628653,3897045,0.411875,data/align/plate-4-GGAGATCGCATGCAGG.sort.flt.bam
plate-4-GGCCGAAGTATGCAGG,D1,NV5_08,NWKV_NVFV_2022_008_D,Newark Valley,NV5,newarkensis,NA,NA,2022,NA,TuiChub_RADseq_Plate4_D,NEBNext 10,TAGCTT,CCGAAGTA,4,5917470,2432142,0.257229,data/align/plate-4-GGCCGAAGTATGCAGG.sort.flt.bam
plate-4-GGGATAGACATGCAGG,E1,NV5_09,NWKV_NVFV_2022_009_D,Newark Valley,NV5,newarkensis,NA,NA,2022,NA,TuiChub_RADseq_Plate4_D,NEBNext 10,TAGCTT,GATAGACA,4,2867278,1302640,0.138193,data/align/plate-4-GGGATAGACATGCAGG.sort.flt.bam
plate-4-GGTATCAGCATGCAGG,F1,NV5_10,NWKV_NVFV_2022_010_D,Newark Valley,NV5,newarkensis,NA,NA,2022,NA,TuiChub_RADseq_Plate4_D,NEBNext 10,TAGCTT,TATCAGCA,4,3189391,1440524,0.152394,data/align/plate-4-GGTATCAGCATGCAGG.sort.flt.bam
plate-4-GGAATGTTGCTGCAGG,G1,NV5_11,NWKV_NVFV_2022_011_D,Newark Valley,NV5,newarkensis,NA,NA,2022,NA,TuiChub_RADseq_Plate4_D,NEBNext 10,TAGCTT,AATGTTGC,4,3653901,1610207,0.170997,data/align/plate-4-GGAATGTTGCTGCAGG.sort.flt.bam
plate-4-GGCCATCCTCTGCAGG,H1,NV5_12,NWKV_NVFV_2022_012_D,Newark Valley,NV5,newarkensis,NA,NA,2022,NA,TuiChub_RADseq_Plate4_D,NEBNext 10,TAGCTT,CCATCCTC,4,6607722,2673747,0.282595,data/align/plate-4-GGCCATCCTCTGCAGG.sort.flt.bam
plate-4-GGAAACATCGTGCAGG,A2,NV5_13,NWKV_NVFV_2022_013_D,Newark Valley,NV5,newarkensis,NA,NA,2022,NA,TuiChub_RADseq_Plate4_D,NEBNext 10,TAGCTT,AAACATCG,4,23642529,6923094,0.724558,data/align/plate-4-GGAAACATCGTGCAGG.sort.flt.bam
plate-4-GGAACCGAGATGCAGG,B2,NV5_14,NWKV_NVFV_2022_014_D,Newark Valley,NV5,newarkensis,NA,NA,2022,NA,TuiChub_RADseq_Plate4_D,NEBNext 10,TAGCTT,AACCGAGA,4,2916535,1314405,0.139223,data/align/plate-4-GGAACCGAGATGCAGG.sort.flt.bam
plate-4-GGAGCAGGAATGCAGG,C2,NV5_15,NWKV_NVFV_2022_015_D,Newark Valley,NV5,newarkensis,NA,NA,2022,NA,TuiChub_RADseq_Plate4_D,NEBNext 10,TAGCTT,AGCAGGAA,4,4267611,1822698,0.192999,data/align/plate-4-GGAGCAGGAATGCAGG.sort.flt.bam
plate-4-GGCCGTGAGATGCAGG,D2,NV5_16,NWKV_NVFV_2022_016_D,Newark Valley,NV5,newarkensis,NA,NA,2022,NA,TuiChub_RADseq_Plate4_D,NEBNext 10,TAGCTT,CCGTGAGA,4,10379835,3816984,0.403308,data/align/plate-4-GGCCGTGAGATGCAGG.sort.flt.bam
plate-4-GGGCCACATATGCAGG,E2,NV5_17,NWKV_NVFV_2022_017_D,Newark Valley,NV5,newarkensis,NA,NA,2022,NA,TuiChub_RADseq_Plate4_D,NEBNext 10,TAGCTT,GCCACATA,4,2745770,1256989,0.133868,data/align/plate-4-GGGCCACATATGCAGG.sort.flt.bam
plate-4-GGTCCGTCTATGCAGG,F2,NV5_18,NWKV_NVFV_2022_018_D,Newark Valley,NV5,newarkensis,NA,NA,2022,NA,TuiChub_RADseq_Plate4_D,NEBNext 10,TAGCTT,TCCGTCTA,4,2093595,995635,0.105418,data/align/plate-4-GGTCCGTCTATGCAGG.sort.flt.bam
plate-4-GGACACTGACTGCAGG,G2,NV5_19,NWKV_NVFV_2022_019_D,Newark Valley,NV5,newarkensis,NA,NA,2022,NA,TuiChub_RADseq_Plate4_D,NEBNext 10,TAGCTT,ACACTGAC,4,2365220,1090848,0.115824,data/align/plate-4-GGACACTGACTGCAGG.sort.flt.bam
plate-4-GGCCGACAACTGCAGG,H2,NV5_20,NWKV_NVFV_2022_020_D,Newark Valley,NV5,newarkensis,NA,NA,2022,NA,TuiChub_RADseq_Plate4_D,NEBNext 10,TAGCTT,CCGACAAC,4,2282823,1070756,0.113393,data/align/plate-4-GGCCGACAACTGCAGG.sort.flt.bam
plate-4-GGACATTGGCTGCAGG,A3,NV5_21,NWKV_NVFV_2022_021_D,Newark Valley,NV5,newarkensis,NA,NA,2022,NA,TuiChub_RADseq_Plate4_D,NEBNext 10,TAGCTT,ACATTGGC,4,4341314,1887786,0.19991,data/align/plate-4-GGACATTGGCTGCAGG.sort.flt.bam
plate-4-GGAACGCTTATGCAGG,B3,NV5_22,NWKV_NVFV_2022_022_D,Newark Valley,NV5,newarkensis,NA,NA,2022,NA,TuiChub_RADseq_Plate4_D,NEBNext 10,TAGCTT,AACGCTTA,4,2442017,1133365,0.119891,data/align/plate-4-GGAACGCTTATGCAGG.sort.flt.bam
plate-4-GGAGTCACTATGCAGG,C3,NV5_23,NWKV_NVFV_2022_023_D,Newark Valley,NV5,newarkensis,NA,NA,2022,NA,TuiChub_RADseq_Plate4_D,NEBNext 10,TAGCTT,AGTCACTA,4,7405549,2906102,0.307561,data/align/plate-4-GGAGTCACTATGCAGG.sort.flt.bam
plate-4-GGCCTCCTGATGCAGG,D3,NV5_24,NWKV_NVFV_2022_024_D,Newark Valley,NV5,newarkensis,NA,NA,2022,NA,TuiChub_RADseq_Plate4_D,NEBNext 10,TAGCTT,CCTCCTGA,4,3026598,1373068,0.14572,data/align/plate-4-GGCCTCCTGATGCAGG.sort.flt.bam
plate-4-GGGCGAGTAATGCAGG,E3,NV5_25,NWKV_NVFV_2022_025_D,Newark Valley,NV5,newarkensis,NA,NA,2022,NA,TuiChub_RADseq_Plate4_D,NEBNext 10,TAGCTT,GCGAGTAA,4,1947184,930243,0.0988246,data/align/plate-4-GGGCGAGTAATGCAGG.sort.flt.bam
plate-4-GGTCTTCACATGCAGG,F3,NV1_01,NWKV_NVON_2022_001_D,Newark Valley,NV1,newarkensis,NA,NA,2022,NA,TuiChub_RADseq_Plate4_D,NEBNext 10,TAGCTT,TCTTCACA,4,3543944,1595415,0.169012,data/align/plate-4-GGTCTTCACATGCAGG.sort.flt.bam
plate-4-GGACAGATTCTGCAGG,G3,NV1_02,NWKV_NVON_2022_002_D,Newark Valley,NV1,newarkensis,NA,NA,2022,NA,TuiChub_RADseq_Plate4_D,NEBNext 10,TAGCTT,ACAGATTC,4,3216888,1448453,0.153906,data/align/plate-4-GGACAGATTCTGCAGG.sort.flt.bam
plate-4-GGACCACTGTTGCAGG,A4,NV1_04,NWKV_NVON_2022_004_D,Newark Valley,NV1,newarkensis,NA,NA,2022,NA,TuiChub_RADseq_Plate4_D,NEBNext 10,TAGCTT,ACCACTGT,4,2515106,1159511,0.12274,data/align/plate-4-GGACCACTGTTGCAGG.sort.flt.bam
plate-4-GGAAGACGGATGCAGG,B4,NV1_05,NWKV_NVON_2022_005_D,Newark Valley,NV1,newarkensis,NA,NA,2022,NA,TuiChub_RADseq_Plate4_D,NEBNext 10,TAGCTT,AAGACGGA,4,3321100,1489437,0.158052,data/align/plate-4-GGAAGACGGATGCAGG.sort.flt.bam
plate-4-GGATCCTGTATGCAGG,C4,NV1_06,NWKV_NVON_2022_006_D,Newark Valley,NV1,newarkensis,NA,NA,2022,NA,TuiChub_RADseq_Plate4_D,NEBNext 10,TAGCTT,ATCCTGTA,4,2247388,1044371,0.110466,data/align/plate-4-GGATCCTGTATGCAGG.sort.flt.bam
plate-4-GGCGAACTTATGCAGG,D4,NV1_07,NWKV_NVON_2022_007_D,Newark Valley,NV1,newarkensis,NA,NA,2022,NA,TuiChub_RADseq_Plate4_D,NEBNext 10,TAGCTT,CGAACTTA,4,5181829,2149108,0.227323,data/align/plate-4-GGCGAACTTATGCAGG.sort.flt.bam
plate-4-GGGCTAACGATGCAGG,E4,NV1_08,NWKV_NVON_2022_008_D,Newark Valley,NV1,newarkensis,NA,NA,2022,NA,TuiChub_RADseq_Plate4_D,NEBNext 10,TAGCTT,GCTAACGA,4,1675830,806434,0.0856371,data/align/plate-4-GGGCTAACGATGCAGG.sort.flt.bam
plate-4-GGTGAAGAGATGCAGG,F4,NV1_09,NWKV_NVON_2022_009_D,Newark Valley,NV1,newarkensis,NA,NA,2022,NA,TuiChub_RADseq_Plate4_D,NEBNext 10,TAGCTT,TGAAGAGA,4,6589558,2676602,0.28304,data/align/plate-4-GGTGAAGAGATGCAGG.sort.flt.bam
plate-4-GGCCTCTATCTGCAGG,H4,NV1_11,NWKV_NVON_2022_011_D,Newark Valley,NV1,newarkensis,NA,NA,2022,NA,TuiChub_RADseq_Plate4_D,NEBNext 10,TAGCTT,CCTCTATC,4,3907777,1711464,0.18089,data/align/plate-4-GGCCTCTATCTGCAGG.sort.flt.bam
plate-4-GGAACGTGATTGCAGG,A5,NV1_12,NWKV_NVON_2022_012_D,Newark Valley,NV1,newarkensis,NA,NA,2022,NA,TuiChub_RADseq_Plate4_D,NEBNext 10,TAGCTT,AACGTGAT,4,3975769,1742531,0.185396,data/align/plate-4-GGAACGTGATTGCAGG.sort.flt.bam
plate-4-GGAAGGTACATGCAGG,B5,NV1_13,NWKV_NVON_2022_013_D,Newark Valley,NV1,newarkensis,NA,NA,2022,NA,TuiChub_RADseq_Plate4_D,NEBNext 10,TAGCTT,AAGGTACA,4,4701300,1993297,0.211412,data/align/plate-4-GGAAGGTACATGCAGG.sort.flt.bam
plate-4-GGATTGAGGATGCAGG,C5,NV1_14,NWKV_NVON_2022_014_D,Newark Valley,NV1,newarkensis,NA,NA,2022,NA,TuiChub_RADseq_Plate4_D,NEBNext 10,TAGCTT,ATTGAGGA,4,7624963,3013669,0.318872,data/align/plate-4-GGATTGAGGATGCAGG.sort.flt.bam
plate-4-GGCGACTGGATGCAGG,D5,NV1_15,NWKV_NVON_2022_015_D,Newark Valley,NV1,newarkensis,NA,NA,2022,NA,TuiChub_RADseq_Plate4_D,NEBNext 10,TAGCTT,CGACTGGA,4,4805954,2011617,0.213281,data/align/plate-4-GGCGACTGGATGCAGG.sort.flt.bam
plate-4-GGGCTCGGTATGCAGG,E5,NV1_16,NWKV_NVON_2022_016_D,Newark Valley,NV1,newarkensis,NA,NA,2022,NA,TuiChub_RADseq_Plate4_D,NEBNext 10,TAGCTT,GCTCGGTA,4,2575047,1179997,0.125313,data/align/plate-4-GGGCTCGGTATGCAGG.sort.flt.bam
plate-4-GGTGGAACAATGCAGG,F5,NV1_17,NWKV_NVON_2022_017_D,Newark Valley,NV1,newarkensis,NA,NA,2022,NA,TuiChub_RADseq_Plate4_D,NEBNext 10,TAGCTT,TGGAACAA,4,10807652,3957032,0.41753,data/align/plate-4-GGTGGAACAATGCAGG.sort.flt.bam
plate-4-GGAGCACCTCTGCAGG,G5,NV1_18,NWKV_NVON_2022_018_D,Newark Valley,NV1,newarkensis,NA,NA,2022,NA,TuiChub_RADseq_Plate4_D,NEBNext 10,TAGCTT,AGCACCTC,4,9450231,3511459,0.371353,data/align/plate-4-GGAGCACCTCTGCAGG.sort.flt.bam
plate-4-GGCGACACACTGCAGG,H5,NV1_19,NWKV_NVON_2022_019_D,Newark Valley,NV1,newarkensis,NA,NA,2022,NA,TuiChub_RADseq_Plate4_D,NEBNext 10,TAGCTT,CGACACAC,4,4160397,1778905,0.187987,data/align/plate-4-GGCGACACACTGCAGG.sort.flt.bam
plate-4-GGCGCTGATCTGCAGG,A6,NV1_20,NWKV_NVON_2022_020_D,Newark Valley,NV1,newarkensis,NA,NA,2022,NA,TuiChub_RADseq_Plate4_D,NEBNext 10,TAGCTT,CGCTGATC,4,3502431,1550877,0.164415,data/align/plate-4-GGCGCTGATCTGCAGG.sort.flt.bam
plate-4-GGACACAGAATGCAGG,B6,NV1_21,NWKV_NVON_2022_021_D,Newark Valley,NV1,newarkensis,NA,NA,2022,NA,TuiChub_RADseq_Plate4_D,NEBNext 10,TAGCTT,ACACAGAA,4,8664446,3293664,0.348482,data/align/plate-4-GGACACAGAATGCAGG.sort.flt.bam
plate-4-GGCAACCACATGCAGG,C6,NV1_22,NWKV_NVON_2022_022_D,Newark Valley,NV1,newarkensis,NA,NA,2022,NA,TuiChub_RADseq_Plate4_D,NEBNext 10,TAGCTT,CAACCACA,4,6204557,2517985,0.266873,data/align/plate-4-GGCAACCACATGCAGG.sort.flt.bam
plate-4-GGCGCATACATGCAGG,D6,NV1_23,NWKV_NVON_2022_023_D,Newark Valley,NV1,newarkensis,NA,NA,2022,NA,TuiChub_RADseq_Plate4_D,NEBNext 10,TAGCTT,CGCATACA,4,5089339,2135500,0.226825,data/align/plate-4-GGCGCATACATGCAGG.sort.flt.bam
plate-4-GGGGAGAACATGCAGG,E6,NV1_24,NWKV_NVON_2022_024_D,Newark Valley,NV1,newarkensis,NA,NA,2022,NA,TuiChub_RADseq_Plate4_D,NEBNext 10,TAGCTT,GGAGAACA,4,3462847,1535957,0.163071,data/align/plate-4-GGGGAGAACATGCAGG.sort.flt.bam
plate-4-GGTGGCTTCATGCAGG,F6,NV1_25,NWKV_NVON_2022_025_D,Newark Valley,NV1,newarkensis,NA,NA,2022,NA,TuiChub_RADseq_Plate4_D,NEBNext 10,TAGCTT,TGGCTTCA,4,3715821,1622720,0.168123,data/align/plate-4-GGTGGCTTCATGCAGG.sort.flt.bam
plate-4-GGAGCCATGCTGCAGG,G6,NV2_01,NWKV_NVTO_2022_001_D,Newark Valley,NV2,newarkensis,NA,NA,2022,NA,TuiChub_RADseq_Plate4_D,NEBNext 10,TAGCTT,AGCCATGC,4,23026581,6837891,0.708693,data/align/plate-4-GGAGCCATGCTGCAGG.sort.flt.bam
plate-4-GGCGGATTGCTGCAGG,H6,NV2_02,NWKV_NVTO_2022_002_D,Newark Valley,NV2,newarkensis,NA,NA,2022,NA,TuiChub_RADseq_Plate4_D,NEBNext 10,TAGCTT,CGGATTGC,4,7387001,2898085,0.300791,data/align/plate-4-GGCGGATTGCTGCAGG.sort.flt.bam
plate-4-GGCAGATCTGTGCAGG,A7,NV2_03,NWKV_NVTO_2022_003_D,Newark Valley,NV2,newarkensis,NA,NA,2022,NA,TuiChub_RADseq_Plate4_D,NEBNext 10,TAGCTT,CAGATCTG,4,3696167,1612753,0.163071,data/align/plate-4-GGCAGATCTGTGCAGG.sort.flt.bam
plate-4-GGACAGCAGATGCAGG,B7,NV2_04,NWKV_NVTO_2022_004_D,Newark Valley,NV2,newarkensis,NA,NA,2022,NA,TuiChub_RADseq_Plate4_D,NEBNext 10,TAGCTT,ACAGCAGA,4,13104591,4200164,0.387395,data/align/plate-4-GGACAGCAGATGCAGG.sort.flt.bam
plate-4-GGCAAGACTATGCAGG,C7,NV2_05,NWKV_NVTO_2022_005_D,Newark Valley,NV2,newarkensis,NA,NA,2022,NA,TuiChub_RADseq_Plate4_D,NEBNext 10,TAGCTT,CAAGACTA,4,14704310,5019816,0.518453,data/align/plate-4-GGCAAGACTATGCAGG.sort.flt.bam
plate-4-GGCTCAATGATGCAGG,D7,NV2_06,NWKV_NVTO_2022_006_D,Newark Valley,NV2,newarkensis,NA,NA,2022,NA,TuiChub_RADseq_Plate4_D,NEBNext 10,TAGCTT,CTCAATGA,4,17529136,5812110,0.593293,data/align/plate-4-GGCTCAATGATGCAGG.sort.flt.bam
plate-4-GGGGTGCGAATGCAGG,E7,NV2_07,NWKV_NVTO_2022_007_D,Newark Valley,NV2,newarkensis,NA,NA,2022,NA,TuiChub_RADseq_Plate4_D,NEBNext 10,TAGCTT,GGTGCGAA,4,4499748,1928925,0.201137,data/align/plate-4-GGGGTGCGAATGCAGG.sort.flt.bam
plate-4-GGTGGTGGTATGCAGG,F7,NV2_08,NWKV_NVTO_2022_008_D,Newark Valley,NV2,newarkensis,NA,NA,2022,NA,TuiChub_RADseq_Plate4_D,NEBNext 10,TAGCTT,TGGTGGTA,4,17301916,5614751,0.5895,data/align/plate-4-GGTGGTGGTATGCAGG.sort.flt.bam
plate-4-GGAGGCTAACTGCAGG,G7,NV2_09,NWKV_NVTO_2022_009_D,Newark Valley,NV2,newarkensis,NA,NA,2022,NA,TuiChub_RADseq_Plate4_D,NEBNext 10,TAGCTT,AGGCTAAC,4,2652841,1242434,0.130149,data/align/plate-4-GGAGGCTAACTGCAGG.sort.flt.bam
plate-4-GGCTAAGGTCTGCAGG,H7,NV2_10,NWKV_NVTO_2022_010_D,Newark Valley,NV2,newarkensis,NA,NA,2022,NA,TuiChub_RADseq_Plate4_D,NEBNext 10,TAGCTT,CTAAGGTC,4,13968086,4888010,0.4968,data/align/plate-4-GGCTAAGGTCTGCAGG.sort.flt.bam
plate-4-GGATGCCTAATGCAGG,A8,NV2_11,NWKV_NVTO_2022_011_D,Newark Valley,NV2,newarkensis,NA,NA,2022,NA,TuiChub_RADseq_Plate4_D,NEBNext 10,TAGCTT,ATGCCTAA,4,88675946,17274636,1.6433,data/align/plate-4-GGATGCCTAATGCAGG.sort.flt.bam
plate-4-GGACCTCCAATGCAGG,B8,NV2_12,NWKV_NVTO_2022_012_D,Newark Valley,NV2,newarkensis,NA,NA,2022,NA,TuiChub_RADseq_Plate4_D,NEBNext 10,TAGCTT,ACCTCCAA,4,35051341,9060368,0.933721,data/align/plate-4-GGACCTCCAATGCAGG.sort.flt.bam
plate-4-GGCAATGGAATGCAGG,C8,NV2_13,NWKV_NVTO_2022_013_D,Newark Valley,NV2,newarkensis,NA,NA,2022,NA,TuiChub_RADseq_Plate4_D,NEBNext 10,TAGCTT,CAATGGAA,4,42162038,10932615,1.01936,data/align/plate-4-GGCAATGGAATGCAGG.sort.flt.bam
plate-4-GGCTGAGCCATGCAGG,D8,NV2_14,NWKV_NVTO_2022_014_D,Newark Valley,NV2,newarkensis,NA,NA,2022,NA,TuiChub_RADseq_Plate4_D,NEBNext 10,TAGCTT,CTGAGCCA,4,5015323,2180957,0.229023,data/align/plate-4-GGCTGAGCCATGCAGG.sort.flt.bam
plate-4-GGGTACGCAATGCAGG,E8,NV2_15,NWKV_NVTO_2022_015_D,Newark Valley,NV2,newarkensis,NA,NA,2022,NA,TuiChub_RADseq_Plate4_D,NEBNext 10,TAGCTT,GTACGCAA,4,4602668,2019666,0.212302,data/align/plate-4-GGGTACGCAATGCAGG.sort.flt.bam
plate-4-GGTTCACGCATGCAGG,F8,NV2_16,NWKV_NVTO_2022_016_D,Newark Valley,NV2,newarkensis,NA,NA,2022,NA,TuiChub_RADseq_Plate4_D,NEBNext 10,TAGCTT,TTCACGCA,4,62908993,12812529,1.30874,data/align/plate-4-GGTTCACGCATGCAGG.sort.flt.bam
plate-4-GGATAGCGACTGCAGG,G8,NV2_17,NWKV_NVTO_2022_017_D,Newark Valley,NV2,newarkensis,NA,NA,2022,NA,TuiChub_RADseq_Plate4_D,NEBNext 10,TAGCTT,ATAGCGAC,4,6959712,2793378,0.291541,data/align/plate-4-GGATAGCGACTGCAGG.sort.flt.bam
plate-4-GGGAACAGGCTGCAGG,H8,NV2_18,NWKV_NVTO_2022_018_D,Newark Valley,NV2,newarkensis,NA,NA,2022,NA,TuiChub_RADseq_Plate4_D,NEBNext 10,TAGCTT,GAACAGGC,4,21157351,6491416,0.677949,data/align/plate-4-GGGAACAGGCTGCAGG.sort.flt.bam
plate-4-GGAACGAACGTGCAGG,A9,NV2_19,NWKV_NVTO_2022_019_D,Newark Valley,NV2,newarkensis,NA,NA,2022,NA,TuiChub_RADseq_Plate4_D,NEBNext 10,TAGCTT,AACGAACG,4,1289341,637728,0.0672624,data/align/plate-4-GGAACGAACGTGCAGG.sort.flt.bam
plate-4-GGACGCTCGATGCAGG,B9,NV2_20,NWKV_NVTO_2022_020_D,Newark Valley,NV2,newarkensis,NA,NA,2022,NA,TuiChub_RADseq_Plate4_D,NEBNext 10,TAGCTT,ACGCTCGA,4,2649490,1238190,0.129958,data/align/plate-4-GGACGCTCGATGCAGG.sort.flt.bam
plate-4-GGCACTTCGATGCAGG,C9,NV16_01,NWKV_NVST_2022_001_D,Newark Valley,NV16,newarkensis,NA,NA,2022,NA,TuiChub_RADseq_Plate4_D,NEBNext 10,TAGCTT,CACTTCGA,4,7600700,2894309,0.305215,data/align/plate-4-GGCACTTCGATGCAGG.sort.flt.bam
plate-4-GGCTGGCATATGCAGG,D9,NV16_02,NWKV_NVST_2022_002_D,Newark Valley,NV16,newarkensis,NA,NA,2022,NA,TuiChub_RADseq_Plate4_D,NEBNext 10,TAGCTT,CTGGCATA,4,8368601,3070621,0.320852,data/align/plate-4-GGCTGGCATATGCAGG.sort.flt.bam
plate-4-GGGTCGTAGATGCAGG,E9,NV16_03,NWKV_NVST_2022_003_D,Newark Valley,NV16,newarkensis,NA,NA,2022,NA,TuiChub_RADseq_Plate4_D,NEBNext 10,TAGCTT,GTCGTAGA,4,2371539,1009549,0.102969,data/align/plate-4-GGGTCGTAGATGCAGG.sort.flt.bam
plate-4-GGACACGAGATGCAGG,F9,NV16_04,NWKV_NVST_2022_004_D,Newark Valley,NV16,newarkensis,NA,NA,2022,NA,TuiChub_RADseq_Plate4_D,NEBNext 10,TAGCTT,ACACGAGA,4,5304139,2236290,0.233215,data/align/plate-4-GGACACGAGATGCAGG.sort.flt.bam
plate-4-GGACGACAAGTGCAGG,G9,NV16_05,NWKV_NVST_2022_005_D,Newark Valley,NV16,newarkensis,NA,NA,2022,NA,TuiChub_RADseq_Plate4_D,NEBNext 10,TAGCTT,ACGACAAG,4,4073915,1810780,0.190621,data/align/plate-4-GGACGACAAGTGCAGG.sort.flt.bam
plate-4-GGGACAGTGCTGCAGG,H9,NV16_06,NWKV_NVST_2022_006_D,Newark Valley,NV16,newarkensis,NA,NA,2022,NA,TuiChub_RADseq_Plate4_D,NEBNext 10,TAGCTT,GACAGTGC,4,3044993,1359591,0.14037,data/align/plate-4-GGGACAGTGCTGCAGG.sort.flt.bam
plate-4-GGAGTACAAGTGCAGG,A10,NV16_07,NWKV_NVST_2022_007_D,Newark Valley,NV16,newarkensis,NA,NA,2022,NA,TuiChub_RADseq_Plate4_D,NEBNext 10,TAGCTT,AGTACAAG,4,6628570,2689595,0.284379,data/align/plate-4-GGAGTACAAGTGCAGG.sort.flt.bam
plate-4-GGACGTATCATGCAGG,B10,NV16_08,NWKV_NVST_2022_008_D,Newark Valley,NV16,newarkensis,NA,NA,2022,NA,TuiChub_RADseq_Plate4_D,NEBNext 10,TAGCTT,ACGTATCA,4,3314634,1444538,0.152931,data/align/plate-4-GGACGTATCATGCAGG.sort.flt.bam
plate-4-GGCAGCGTTATGCAGG,C10,NV16_09,NWKV_NVST_2022_009_D,Newark Valley,NV16,newarkensis,NA,NA,2022,NA,TuiChub_RADseq_Plate4_D,NEBNext 10,TAGCTT,CAGCGTTA,4,16920376,5345136,0.558932,data/align/plate-4-GGCAGCGTTATGCAGG.sort.flt.bam
plate-4-GGGAATCTGATGCAGG,D10,NV16_10,NWKV_NVST_2022_010_D,Newark Valley,NV16,newarkensis,NA,NA,2022,NA,TuiChub_RADseq_Plate4_D,NEBNext 10,TAGCTT,GAATCTGA,4,5807565,2341101,0.247818,data/align/plate-4-GGGAATCTGATGCAGG.sort.flt.bam
plate-4-GGGTCTGTCATGCAGG,E10,NV16_11,NWKV_NVST_2022_011_D,Newark Valley,NV16,newarkensis,NA,NA,2022,NA,TuiChub_RADseq_Plate4_D,NEBNext 10,TAGCTT,GTCTGTCA,4,23334341,6882779,0.708339,data/align/plate-4-GGGTCTGTCATGCAGG.sort.flt.bam
plate-4-GGAAGAGATCTGCAGG,F10,NV16_12,NWKV_NVST_2022_012_D,Newark Valley,NV16,newarkensis,NA,NA,2022,NA,TuiChub_RADseq_Plate4_D,NEBNext 10,TAGCTT,AAGAGATC,4,3224819,1509272,0.158346,data/align/plate-4-GGAAGAGATCTGCAGG.sort.flt.bam
plate-4-GGATTGGCTCTGCAGG,G10,NV16_13,NWKV_NVST_2022_013_D,Newark Valley,NV16,newarkensis,NA,NA,2022,NA,TuiChub_RADseq_Plate4_D,NEBNext 10,TAGCTT,ATTGGCTC,4,9592531,3641647,0.384035,data/align/plate-4-GGATTGGCTCTGCAGG.sort.flt.bam
plate-4-GGGAGTTAGCTGCAGG,H10,NV16_14,NWKV_NVST_2022_014_D,Newark Valley,NV16,newarkensis,NA,NA,2022,NA,TuiChub_RADseq_Plate4_D,NEBNext 10,TAGCTT,GAGTTAGC,4,3500520,1580757,0.16724,data/align/plate-4-GGGAGTTAGCTGCAGG.sort.flt.bam
plate-4-GGCATCAAGTTGCAGG,A11,NV16_15,NWKV_NVST_2022_015_D,Newark Valley,NV16,newarkensis,NA,NA,2022,NA,TuiChub_RADseq_Plate4_D,NEBNext 10,TAGCTT,CATCAAGT,4,3298204,1428301,0.15044,data/align/plate-4-GGCATCAAGTTGCAGG.sort.flt.bam
plate-4-GGACTATGCATGCAGG,B11,NV16_16,NWKV_NVST_2022_016_D,Newark Valley,NV16,newarkensis,NA,NA,2022,NA,TuiChub_RADseq_Plate4_D,NEBNext 10,TAGCTT,ACTATGCA,4,1004863,544972,0.05732,data/align/plate-4-GGACTATGCATGCAGG.sort.flt.bam
plate-4-GGCATACCAATGCAGG,C11,NV16_17,NWKV_NVST_2022_017_D,Newark Valley,NV16,newarkensis,NA,NA,2022,NA,TuiChub_RADseq_Plate4_D,NEBNext 10,TAGCTT,CATACCAA,4,5661861,2386493,0.250422,data/align/plate-4-GGCATACCAATGCAGG.sort.flt.bam
plate-4-GGGACTAGTATGCAGG,D11,NV16_18,NWKV_NVST_2022_018_D,Newark Valley,NV16,newarkensis,NA,NA,2022,NA,TuiChub_RADseq_Plate4_D,NEBNext 10,TAGCTT,GACTAGTA,4,4789211,2007905,0.212131,data/align/plate-4-GGGACTAGTATGCAGG.sort.flt.bam
plate-4-GGGTGTTCTATGCAGG,E11,NV16_19,NWKV_NVST_2022_019_D,Newark Valley,NV16,newarkensis,NA,NA,2022,NA,TuiChub_RADseq_Plate4_D,NEBNext 10,TAGCTT,GTGTTCTA,4,14879119,5094668,0.532869,data/align/plate-4-GGGTGTTCTATGCAGG.sort.flt.bam
plate-4-GGAAGGACACTGCAGG,F11,NV17_01,NWKV_NVVT_2022_001_D,Newark Valley,NV17,newarkensis,NA,NA,2022,NA,TuiChub_RADseq_Plate4_D,NEBNext 10,TAGCTT,AAGGACAC,4,6814899,2697897,0.285131,data/align/plate-4-GGAAGGACACTGCAGG.sort.flt.bam
plate-4-GGCAAGGAGCTGCAGG,G11,NV17_02,NWKV_NVVT_2022_002_D,Newark Valley,NV17,newarkensis,NA,NA,2022,NA,TuiChub_RADseq_Plate4_D,NEBNext 10,TAGCTT,CAAGGAGC,4,11385220,3997226,0.398547,data/align/plate-4-GGCAAGGAGCTGCAGG.sort.flt.bam
plate-4-GGGATGAATCTGCAGG,H11,NV17_03,NWKV_NVVT_2022_003_D,Newark Valley,NV17,newarkensis,NA,NA,2022,NA,TuiChub_RADseq_Plate4_D,NEBNext 10,TAGCTT,GATGAATC,4,15055210,4729341,0.494895,data/align/plate-4-GGGATGAATCTGCAGG.sort.flt.bam
plate-4-GGAGTGGTCATGCAGG,A12,NV17_04,NWKV_NVVT_2022_004_D,Newark Valley,NV17,newarkensis,NA,NA,2022,NA,TuiChub_RADseq_Plate4_D,NEBNext 10,TAGCTT,AGTGGTCA,4,34334025,8949130,0.904543,data/align/plate-4-GGAGTGGTCATGCAGG.sort.flt.bam
plate-4-GGAGAGTCAATGCAGG,B12,NV17_05,NWKV_NVVT_2022_005_D,Newark Valley,NV17,newarkensis,NA,NA,2022,NA,TuiChub_RADseq_Plate4_D,NEBNext 10,TAGCTT,AGAGTCAA,4,10240542,3704911,0.38842,data/align/plate-4-GGAGAGTCAATGCAGG.sort.flt.bam
plate-4-GGCCAGTTCATGCAGG,C12,NV17_06,NWKV_NVVT_2022_006_D,Newark Valley,NV17,newarkensis,NA,NA,2022,NA,TuiChub_RADseq_Plate4_D,NEBNext 10,TAGCTT,CCAGTTCA,4,12689655,4310039,0.447391,data/align/plate-4-GGCCAGTTCATGCAGG.sort.flt.bam
plate-5-GGACAAGCTATGCAGG,A1,NV17_07,NWKV_NVVT_2022_007_E,Newark Valley,NV17,newarkensis,NA,NA,2022,NA,TuiChub_RADseq_Plate5_E,NEBNext 11,GGCTAC,ACAAGCTA,5,22077606,8772312,0.829548,data/align/plate-5-GGACAAGCTATGCAGG.sort.flt.bam
plate-5-GGAACAACCATGCAGG,B1,NV17_08,NWKV_NVVT_2022_008_E,Newark Valley,NV17,newarkensis,NA,NA,2022,NA,TuiChub_RADseq_Plate5_E,NEBNext 11,GGCTAC,AACAACCA,5,3557031,2031971,0.196876,data/align/plate-5-GGAACAACCATGCAGG.sort.flt.bam
plate-5-GGAGATCGCATGCAGG,C1,NV17_09,NWKV_NVVT_2022_009_E,Newark Valley,NV17,newarkensis,NA,NA,2022,NA,TuiChub_RADseq_Plate5_E,NEBNext 11,GGCTAC,AGATCGCA,5,2291776,1441272,0.140593,data/align/plate-5-GGAGATCGCATGCAGG.sort.flt.bam
plate-5-GGCCGAAGTATGCAGG,D1,NV17_10,NWKV_NVVT_2022_010_E,Newark Valley,NV17,newarkensis,NA,NA,2022,NA,TuiChub_RADseq_Plate5_E,NEBNext 11,GGCTAC,CCGAAGTA,5,1239254,830047,0.0796638,data/align/plate-5-GGCCGAAGTATGCAGG.sort.flt.bam
plate-5-GGGATAGACATGCAGG,E1,NV17_11,NWKV_NVVT_2022_011_E,Newark Valley,NV17,newarkensis,NA,NA,2022,NA,TuiChub_RADseq_Plate5_E,NEBNext 11,GGCTAC,GATAGACA,5,2964976,1774447,0.17242,data/align/plate-5-GGGATAGACATGCAGG.sort.flt.bam
plate-5-GGTATCAGCATGCAGG,F1,NV17_12,NWKV_NVVT_2022_012_E,Newark Valley,NV17,newarkensis,NA,NA,2022,NA,TuiChub_RADseq_Plate5_E,NEBNext 11,GGCTAC,TATCAGCA,5,6220417,3419677,0.320999,data/align/plate-5-GGTATCAGCATGCAGG.sort.flt.bam
plate-5-GGAATGTTGCTGCAGG,G1,NV17_13,NWKV_NVVT_2022_013_E,Newark Valley,NV17,newarkensis,NA,NA,2022,NA,TuiChub_RADseq_Plate5_E,NEBNext 11,GGCTAC,AATGTTGC,5,3342698,1945691,0.187906,data/align/plate-5-GGAATGTTGCTGCAGG.sort.flt.bam
plate-5-GGCCATCCTCTGCAGG,H1,NV17_14,NWKV_NVVT_2022_014_E,Newark Valley,NV17,newarkensis,NA,NA,2022,NA,TuiChub_RADseq_Plate5_E,NEBNext 11,GGCTAC,CCATCCTC,5,2891096,1667493,0.158038,data/align/plate-5-GGCCATCCTCTGCAGG.sort.flt.bam
plate-5-GGAAACATCGTGCAGG,A2,NV17_15,NWKV_NVVT_2022_015_E,Newark Valley,NV17,newarkensis,NA,NA,2022,NA,TuiChub_RADseq_Plate5_E,NEBNext 11,GGCTAC,AAACATCG,5,8501386,4305544,0.423737,data/align/plate-5-GGAAACATCGTGCAGG.sort.flt.bam
plate-5-GGAACCGAGATGCAGG,B2,NV17_16,NWKV_NVVT_2022_016_E,Newark Valley,NV17,newarkensis,NA,NA,2022,NA,TuiChub_RADseq_Plate5_E,NEBNext 11,GGCTAC,AACCGAGA,5,4239826,2368123,0.226549,data/align/plate-5-GGAACCGAGATGCAGG.sort.flt.bam
plate-5-GGAGCAGGAATGCAGG,C2,NV17_17,NWKV_NVVT_2022_017_E,Newark Valley,NV17,newarkensis,NA,NA,2022,NA,TuiChub_RADseq_Plate5_E,NEBNext 11,GGCTAC,AGCAGGAA,5,2060993,1299329,0.127096,data/align/plate-5-GGAGCAGGAATGCAGG.sort.flt.bam
plate-5-GGCCGTGAGATGCAGG,D2,NV17_18,NWKV_NVVT_2022_018_E,Newark Valley,NV17,newarkensis,NA,NA,2022,NA,TuiChub_RADseq_Plate5_E,NEBNext 11,GGCTAC,CCGTGAGA,5,3869068,2251352,0.212641,data/align/plate-5-GGCCGTGAGATGCAGG.sort.flt.bam
plate-5-GGGCCACATATGCAGG,E2,NV17_19,NWKV_NVVT_2022_019_E,Newark Valley,NV17,newarkensis,NA,NA,2022,NA,TuiChub_RADseq_Plate5_E,NEBNext 11,GGCTAC,GCCACATA,5,2421794,1503222,0.144381,data/align/plate-5-GGGCCACATATGCAGG.sort.flt.bam
plate-5-GGTCCGTCTATGCAGG,F2,NV17_20,NWKV_NVVT_2022_020_E,Newark Valley,NV17,newarkensis,NA,NA,2022,NA,TuiChub_RADseq_Plate5_E,NEBNext 11,GGCTAC,TCCGTCTA,5,1129647,737186,0.0673265,data/align/plate-5-GGTCCGTCTATGCAGG.sort.flt.bam
plate-5-GGACACTGACTGCAGG,G2,NV17_21,NWKV_NVVT_2022_021_E,Newark Valley,NV17,newarkensis,NA,NA,2022,NA,TuiChub_RADseq_Plate5_E,NEBNext 11,GGCTAC,ACACTGAC,5,6568374,3528738,0.340892,data/align/plate-5-GGACACTGACTGCAGG.sort.flt.bam
plate-5-GGCCGACAACTGCAGG,H2,NV17_22,NWKV_NVVT_2022_022_E,Newark Valley,NV17,newarkensis,NA,NA,2022,NA,TuiChub_RADseq_Plate5_E,NEBNext 11,GGCTAC,CCGACAAC,5,3026904,1766591,0.166201,data/align/plate-5-GGCCGACAACTGCAGG.sort.flt.bam
plate-5-GGACATTGGCTGCAGG,A3,NV17_23,NWKV_NVVT_2022_023_E,Newark Valley,NV17,newarkensis,NA,NA,2022,NA,TuiChub_RADseq_Plate5_E,NEBNext 11,GGCTAC,ACATTGGC,5,2515719,1498915,0.139474,data/align/plate-5-GGACATTGGCTGCAGG.sort.flt.bam
plate-5-GGAACGCTTATGCAGG,B3,NV17_24,NWKV_NVVT_2022_024_E,Newark Valley,NV17,newarkensis,NA,NA,2022,NA,TuiChub_RADseq_Plate5_E,NEBNext 11,GGCTAC,AACGCTTA,5,2071730,1223095,0.11839,data/align/plate-5-GGAACGCTTATGCAGG.sort.flt.bam
plate-5-GGAGTCACTATGCAGG,C3,NV17_25,NWKV_NVVT_2022_025_E,Newark Valley,NV17,newarkensis,NA,NA,2022,NA,TuiChub_RADseq_Plate5_E,NEBNext 11,GGCTAC,AGTCACTA,5,11779908,5540751,0.535949,data/align/plate-5-GGAGTCACTATGCAGG.sort.flt.bam
plate-5-GGCCTCCTGATGCAGG,D3,NV18_01,NWKV_NVET_2022_001_E,Newark Valley,NV18,newarkensis,NA,NA,2022,NA,TuiChub_RADseq_Plate5_E,NEBNext 11,GGCTAC,CCTCCTGA,5,3668495,2145629,0.196709,data/align/plate-5-GGCCTCCTGATGCAGG.sort.flt.bam
plate-5-GGGCGAGTAATGCAGG,E3,NV18_02,NWKV_NVET_2022_002_E,Newark Valley,NV18,newarkensis,NA,NA,2022,NA,TuiChub_RADseq_Plate5_E,NEBNext 11,GGCTAC,GCGAGTAA,5,1580883,1032937,0.099588,data/align/plate-5-GGGCGAGTAATGCAGG.sort.flt.bam
plate-5-GGTCTTCACATGCAGG,F3,NV18_03,NWKV_NVET_2022_003_E,Newark Valley,NV18,newarkensis,NA,NA,2022,NA,TuiChub_RADseq_Plate5_E,NEBNext 11,GGCTAC,TCTTCACA,5,5416506,3006269,0.275685,data/align/plate-5-GGTCTTCACATGCAGG.sort.flt.bam
plate-5-GGACAGATTCTGCAGG,G3,NV18_04,NWKV_NVET_2022_004_E,Newark Valley,NV18,newarkensis,NA,NA,2022,NA,TuiChub_RADseq_Plate5_E,NEBNext 11,GGCTAC,ACAGATTC,5,11516692,5520583,0.537004,data/align/plate-5-GGACAGATTCTGCAGG.sort.flt.bam
plate-5-GGAGTCAAGCTGCAGG,H3,NV18_05,NWKV_NVET_2022_005_E,Newark Valley,NV18,newarkensis,NA,NA,2022,NA,TuiChub_RADseq_Plate5_E,NEBNext 11,GGCTAC,AGTCAAGC,5,11990129,5700185,0.554594,data/align/plate-5-GGAGTCAAGCTGCAGG.sort.flt.bam
plate-5-GGACCACTGTTGCAGG,A4,NV18_06,NWKV_NVET_2022_006_E,Newark Valley,NV18,newarkensis,NA,NA,2022,NA,TuiChub_RADseq_Plate5_E,NEBNext 11,GGCTAC,ACCACTGT,5,12556795,5899001,0.55889,data/align/plate-5-GGACCACTGTTGCAGG.sort.flt.bam
plate-5-GGAAGACGGATGCAGG,B4,NV18_07,NWKV_NVET_2022_007_E,Newark Valley,NV18,newarkensis,NA,NA,2022,NA,TuiChub_RADseq_Plate5_E,NEBNext 11,GGCTAC,AAGACGGA,5,20710199,8647227,0.78629,data/align/plate-5-GGAAGACGGATGCAGG.sort.flt.bam
plate-5-GGATCCTGTATGCAGG,C4,NV18_08,NWKV_NVET_2022_008_E,Newark Valley,NV18,newarkensis,NA,NA,2022,NA,TuiChub_RADseq_Plate5_E,NEBNext 11,GGCTAC,ATCCTGTA,5,3043594,1792253,0.163184,data/align/plate-5-GGATCCTGTATGCAGG.sort.flt.bam
plate-5-GGCGAACTTATGCAGG,D4,NV18_09,NWKV_NVET_2022_009_E,Newark Valley,NV18,newarkensis,NA,NA,2022,NA,TuiChub_RADseq_Plate5_E,NEBNext 11,GGCTAC,CGAACTTA,5,2663492,1630712,0.15814,data/align/plate-5-GGCGAACTTATGCAGG.sort.flt.bam
plate-5-GGGCTAACGATGCAGG,E4,NV18_10,NWKV_NVET_2022_010_E,Newark Valley,NV18,newarkensis,NA,NA,2022,NA,TuiChub_RADseq_Plate5_E,NEBNext 11,GGCTAC,GCTAACGA,5,5791949,3185201,0.303243,data/align/plate-5-GGGCTAACGATGCAGG.sort.flt.bam
plate-5-GGTGAAGAGATGCAGG,F4,NV18_11,NWKV_NVET_2022_011_E,Newark Valley,NV18,newarkensis,NA,NA,2022,NA,TuiChub_RADseq_Plate5_E,NEBNext 11,GGCTAC,TGAAGAGA,5,8149106,4268347,0.406436,data/align/plate-5-GGTGAAGAGATGCAGG.sort.flt.bam
plate-5-GGAGATGTACTGCAGG,G4,NV18_12,NWKV_NVET_2022_012_E,Newark Valley,NV18,newarkensis,NA,NA,2022,NA,TuiChub_RADseq_Plate5_E,NEBNext 11,GGCTAC,AGATGTAC,5,4326158,2400873,0.225013,data/align/plate-5-GGAGATGTACTGCAGG.sort.flt.bam
plate-5-GGCCTCTATCTGCAGG,H4,NV18_14,NWKV_NVET_2022_014_E,Newark Valley,NV18,newarkensis,NA,NA,2022,NA,TuiChub_RADseq_Plate5_E,NEBNext 11,GGCTAC,CCTCTATC,5,16005227,7118264,0.660637,data/align/plate-5-GGCCTCTATCTGCAGG.sort.flt.bam
plate-5-GGAACGTGATTGCAGG,A5,NV18_15,NWKV_NVET_2022_015_E,Newark Valley,NV18,newarkensis,NA,NA,2022,NA,TuiChub_RADseq_Plate5_E,NEBNext 11,GGCTAC,AACGTGAT,5,2710312,1572110,0.146482,data/align/plate-5-GGAACGTGATTGCAGG.sort.flt.bam
plate-5-GGAAGGTACATGCAGG,B5,NV18_16,NWKV_NVET_2022_016_E,Newark Valley,NV18,newarkensis,NA,NA,2022,NA,TuiChub_RADseq_Plate5_E,NEBNext 11,GGCTAC,AAGGTACA,5,11512560,5437720,0.512274,data/align/plate-5-GGAAGGTACATGCAGG.sort.flt.bam
plate-5-GGATTGAGGATGCAGG,C5,NV18_17,NWKV_NVET_2022_017_E,Newark Valley,NV18,newarkensis,NA,NA,2022,NA,TuiChub_RADseq_Plate5_E,NEBNext 11,GGCTAC,ATTGAGGA,5,2615484,1621639,0.154046,data/align/plate-5-GGATTGAGGATGCAGG.sort.flt.bam
plate-5-GGCGACTGGATGCAGG,D5,NV18_18,NWKV_NVET_2022_018_E,Newark Valley,NV18,newarkensis,NA,NA,2022,NA,TuiChub_RADseq_Plate5_E,NEBNext 11,GGCTAC,CGACTGGA,5,3197087,1875681,0.183411,data/align/plate-5-GGCGACTGGATGCAGG.sort.flt.bam
plate-5-GGGCTCGGTATGCAGG,E5,NV18_19,NWKV_NVET_2022_019_E,Newark Valley,NV18,newarkensis,NA,NA,2022,NA,TuiChub_RADseq_Plate5_E,NEBNext 11,GGCTAC,GCTCGGTA,5,5287377,2937924,0.282829,data/align/plate-5-GGGCTCGGTATGCAGG.sort.flt.bam
plate-5-GGTGGAACAATGCAGG,F5,NV18_20,NWKV_NVET_2022_020_E,Newark Valley,NV18,newarkensis,NA,NA,2022,NA,TuiChub_RADseq_Plate5_E,NEBNext 11,GGCTAC,TGGAACAA,5,6636534,3527393,0.324858,data/align/plate-5-GGTGGAACAATGCAGG.sort.flt.bam
plate-5-GGAGCACCTCTGCAGG,G5,NV18_21,NWKV_NVET_2022_021_E,Newark Valley,NV18,newarkensis,NA,NA,2022,NA,TuiChub_RADseq_Plate5_E,NEBNext 11,GGCTAC,AGCACCTC,5,3108213,1868886,0.183772,data/align/plate-5-GGAGCACCTCTGCAGG.sort.flt.bam
plate-5-GGCGACACACTGCAGG,H5,NV18_22,NWKV_NVET_2022_022_E,Newark Valley,NV18,newarkensis,NA,NA,2022,NA,TuiChub_RADseq_Plate5_E,NEBNext 11,GGCTAC,CGACACAC,5,5611027,3063104,0.296871,data/align/plate-5-GGCGACACACTGCAGG.sort.flt.bam
plate-5-GGCGCTGATCTGCAGG,A6,NV18_23,NWKV_NVET_2022_023_E,Newark Valley,NV18,newarkensis,NA,NA,2022,NA,TuiChub_RADseq_Plate5_E,NEBNext 11,GGCTAC,CGCTGATC,5,1685347,1089522,0.104951,data/align/plate-5-GGCGCTGATCTGCAGG.sort.flt.bam
plate-5-GGACACAGAATGCAGG,B6,NV18_24,NWKV_NVET_2022_024_E,Newark Valley,NV18,newarkensis,NA,NA,2022,NA,TuiChub_RADseq_Plate5_E,NEBNext 11,GGCTAC,ACACAGAA,5,10944073,5103959,0.480913,data/align/plate-5-GGACACAGAATGCAGG.sort.flt.bam
plate-5-GGCAACCACATGCAGG,C6,NV18_25,NWKV_NVET_2022_025_E,Newark Valley,NV18,newarkensis,NA,NA,2022,NA,TuiChub_RADseq_Plate5_E,NEBNext 11,GGCTAC,CAACCACA,5,2474364,1539911,0.147912,data/align/plate-5-GGCAACCACATGCAGG.sort.flt.bam
plate-5-GGCGCATACATGCAGG,D6,NV19_01,NWKV_NVNT_2022_001_E,Newark Valley,NV19,newarkensis,NA,NA,2022,NA,TuiChub_RADseq_Plate5_E,NEBNext 11,GGCTAC,CGCATACA,5,1345908,875628,0.0847719,data/align/plate-5-GGCGCATACATGCAGG.sort.flt.bam
plate-5-GGGGAGAACATGCAGG,E6,NV19_02,NWKV_NVNT_2022_002_E,Newark Valley,NV19,newarkensis,NA,NA,2022,NA,TuiChub_RADseq_Plate5_E,NEBNext 11,GGCTAC,GGAGAACA,5,1540808,1007889,0.0965909,data/align/plate-5-GGGGAGAACATGCAGG.sort.flt.bam
plate-5-GGTGGCTTCATGCAGG,F6,NV19_03,NWKV_NVNT_2022_003_E,Newark Valley,NV19,newarkensis,NA,NA,2022,NA,TuiChub_RADseq_Plate5_E,NEBNext 11,GGCTAC,TGGCTTCA,5,3890347,2238912,0.213914,data/align/plate-5-GGTGGCTTCATGCAGG.sort.flt.bam
plate-5-GGAGCCATGCTGCAGG,G6,NV19_04,NWKV_NVNT_2022_004_E,Newark Valley,NV19,newarkensis,NA,NA,2022,NA,TuiChub_RADseq_Plate5_E,NEBNext 11,GGCTAC,AGCCATGC,5,3569614,2068616,0.202014,data/align/plate-5-GGAGCCATGCTGCAGG.sort.flt.bam
plate-5-GGCGGATTGCTGCAGG,H6,NV19_05,NWKV_NVNT_2022_005_E,Newark Valley,NV19,newarkensis,NA,NA,2022,NA,TuiChub_RADseq_Plate5_E,NEBNext 11,GGCTAC,CGGATTGC,5,3410504,2005731,0.189948,data/align/plate-5-GGCGGATTGCTGCAGG.sort.flt.bam
plate-5-GGCAGATCTGTGCAGG,A7,NV19_06,NWKV_NVNT_2022_006_E,Newark Valley,NV19,newarkensis,NA,NA,2022,NA,TuiChub_RADseq_Plate5_E,NEBNext 11,GGCTAC,CAGATCTG,5,9501813,4718514,0.44638,data/align/plate-5-GGCAGATCTGTGCAGG.sort.flt.bam
plate-5-GGACAGCAGATGCAGG,B7,NV19_07,NWKV_NVNT_2022_007_E,Newark Valley,NV19,newarkensis,NA,NA,2022,NA,TuiChub_RADseq_Plate5_E,NEBNext 11,GGCTAC,ACAGCAGA,5,11171753,5398460,0.516257,data/align/plate-5-GGACAGCAGATGCAGG.sort.flt.bam
plate-5-GGCAAGACTATGCAGG,C7,NV19_08,NWKV_NVNT_2022_008_E,Newark Valley,NV19,newarkensis,NA,NA,2022,NA,TuiChub_RADseq_Plate5_E,NEBNext 11,GGCTAC,CAAGACTA,5,4564019,2541701,0.232214,data/align/plate-5-GGCAAGACTATGCAGG.sort.flt.bam
plate-5-GGCTCAATGATGCAGG,D7,NV19_09,NWKV_NVNT_2022_009_E,Newark Valley,NV19,newarkensis,NA,NA,2022,NA,TuiChub_RADseq_Plate5_E,NEBNext 11,GGCTAC,CTCAATGA,5,3899543,2197322,0.202835,data/align/plate-5-GGCTCAATGATGCAGG.sort.flt.bam
plate-5-GGGGTGCGAATGCAGG,E7,NV19_10,NWKV_NVNT_2022_010_E,Newark Valley,NV19,newarkensis,NA,NA,2022,NA,TuiChub_RADseq_Plate5_E,NEBNext 11,GGCTAC,GGTGCGAA,5,2583007,1543152,0.1446,data/align/plate-5-GGGGTGCGAATGCAGG.sort.flt.bam
plate-5-GGTGGTGGTATGCAGG,F7,NV19_11,NWKV_NVNT_2022_011_E,Newark Valley,NV19,newarkensis,NA,NA,2022,NA,TuiChub_RADseq_Plate5_E,NEBNext 11,GGCTAC,TGGTGGTA,5,1055366,693411,0.0665853,data/align/plate-5-GGTGGTGGTATGCAGG.sort.flt.bam
plate-5-GGAGGCTAACTGCAGG,G7,NV19_12,NWKV_NVNT_2022_012_E,Newark Valley,NV19,newarkensis,NA,NA,2022,NA,TuiChub_RADseq_Plate5_E,NEBNext 11,GGCTAC,AGGCTAAC,5,5104342,2736785,0.255204,data/align/plate-5-GGAGGCTAACTGCAGG.sort.flt.bam
plate-5-GGCTAAGGTCTGCAGG,H7,NV19_13,NWKV_NVNT_2022_013_E,Newark Valley,NV19,newarkensis,NA,NA,2022,NA,TuiChub_RADseq_Plate5_E,NEBNext 11,GGCTAC,CTAAGGTC,5,16575576,7277493,0.693473,data/align/plate-5-GGCTAAGGTCTGCAGG.sort.flt.bam
plate-5-GGATGCCTAATGCAGG,A8,NV19_14,NWKV_NVNT_2022_014_E,Newark Valley,NV19,newarkensis,NA,NA,2022,NA,TuiChub_RADseq_Plate5_E,NEBNext 11,GGCTAC,ATGCCTAA,5,7774167,4053201,0.38016,data/align/plate-5-GGATGCCTAATGCAGG.sort.flt.bam
plate-5-GGACCTCCAATGCAGG,B8,NV19_15,NWKV_NVNT_2022_015_E,Newark Valley,NV19,newarkensis,NA,NA,2022,NA,TuiChub_RADseq_Plate5_E,NEBNext 11,GGCTAC,ACCTCCAA,5,5880544,3163231,0.290426,data/align/plate-5-GGACCTCCAATGCAGG.sort.flt.bam
plate-5-GGCAATGGAATGCAGG,C8,NV19_16,NWKV_NVNT_2022_016_E,Newark Valley,NV19,newarkensis,NA,NA,2022,NA,TuiChub_RADseq_Plate5_E,NEBNext 11,GGCTAC,CAATGGAA,5,2130801,1349713,0.127971,data/align/plate-5-GGCAATGGAATGCAGG.sort.flt.bam
plate-5-GGCTGAGCCATGCAGG,D8,NV19_17,NWKV_NVNT_2022_017_E,Newark Valley,NV19,newarkensis,NA,NA,2022,NA,TuiChub_RADseq_Plate5_E,NEBNext 11,GGCTAC,CTGAGCCA,5,10552142,5053151,0.479197,data/align/plate-5-GGCTGAGCCATGCAGG.sort.flt.bam
plate-5-GGGTACGCAATGCAGG,E8,NV19_18,NWKV_NVNT_2022_018_E,Newark Valley,NV19,newarkensis,NA,NA,2022,NA,TuiChub_RADseq_Plate5_E,NEBNext 11,GGCTAC,GTACGCAA,5,5052173,2792742,0.269363,data/align/plate-5-GGGTACGCAATGCAGG.sort.flt.bam
plate-5-GGTTCACGCATGCAGG,F8,NV19_19,NWKV_NVNT_2022_019_E,Newark Valley,NV19,newarkensis,NA,NA,2022,NA,TuiChub_RADseq_Plate5_E,NEBNext 11,GGCTAC,TTCACGCA,5,3305716,1907441,0.180708,data/align/plate-5-GGTTCACGCATGCAGG.sort.flt.bam
plate-5-GGATAGCGACTGCAGG,G8,NV19_20,NWKV_NVNT_2022_020_E,Newark Valley,NV19,newarkensis,NA,NA,2022,NA,TuiChub_RADseq_Plate5_E,NEBNext 11,GGCTAC,ATAGCGAC,5,8578914,4315540,0.411338,data/align/plate-5-GGATAGCGACTGCAGG.sort.flt.bam
plate-5-GGGAACAGGCTGCAGG,H8,NV19_21,NWKV_NVNT_2022_021_E,Newark Valley,NV19,newarkensis,NA,NA,2022,NA,TuiChub_RADseq_Plate5_E,NEBNext 11,GGCTAC,GAACAGGC,5,2240016,1363701,0.133032,data/align/plate-5-GGGAACAGGCTGCAGG.sort.flt.bam
plate-5-GGAACGAACGTGCAGG,A9,NV19_22,NWKV_NVNT_2022_022_E,Newark Valley,NV19,newarkensis,NA,NA,2022,NA,TuiChub_RADseq_Plate5_E,NEBNext 11,GGCTAC,AACGAACG,5,1771162,1147793,0.109949,data/align/plate-5-GGAACGAACGTGCAGG.sort.flt.bam
plate-5-GGACGCTCGATGCAGG,B9,NV19_23,NWKV_NVNT_2022_023_E,Newark Valley,NV19,newarkensis,NA,NA,2022,NA,TuiChub_RADseq_Plate5_E,NEBNext 11,GGCTAC,ACGCTCGA,5,4083606,2339756,0.219189,data/align/plate-5-GGACGCTCGATGCAGG.sort.flt.bam
plate-5-GGCACTTCGATGCAGG,C9,NV19_24,NWKV_NVNT_2022_024_E,Newark Valley,NV19,newarkensis,NA,NA,2022,NA,TuiChub_RADseq_Plate5_E,NEBNext 11,GGCTAC,CACTTCGA,5,3386888,2026616,0.191587,data/align/plate-5-GGCACTTCGATGCAGG.sort.flt.bam
plate-5-GGCTGGCATATGCAGG,D9,NV19_25,NWKV_NVNT_2022_025_E,Newark Valley,NV19,newarkensis,NA,NA,2022,NA,TuiChub_RADseq_Plate5_E,NEBNext 11,GGCTAC,CTGGCATA,5,5041321,2780638,0.260826,data/align/plate-5-GGCTGGCATATGCAGG.sort.flt.bam
plate-5-GGGTCGTAGATGCAGG,E9,NN4_01,NWKV_NNFO_2022_001_E,Newark Valley,NN4,newarkensis,NA,NA,2022,NA,TuiChub_RADseq_Plate5_E,NEBNext 11,GGCTAC,GTCGTAGA,5,817060,562470,0.0528392,data/align/plate-5-GGGTCGTAGATGCAGG.sort.flt.bam
plate-5-GGACACGAGATGCAGG,F9,NN4_02,NWKV_NNFO_2022_002_E,Newark Valley,NN4,newarkensis,NA,NA,2022,NA,TuiChub_RADseq_Plate5_E,NEBNext 11,GGCTAC,ACACGAGA,5,7496340,3905523,0.37563,data/align/plate-5-GGACACGAGATGCAGG.sort.flt.bam
plate-5-GGACGACAAGTGCAGG,G9,NN4_03,NWKV_NNFO_2022_003_E,Newark Valley,NN4,newarkensis,NA,NA,2022,NA,TuiChub_RADseq_Plate5_E,NEBNext 11,GGCTAC,ACGACAAG,5,2161901,1362129,0.127918,data/align/plate-5-GGACGACAAGTGCAGG.sort.flt.bam
plate-5-GGGACAGTGCTGCAGG,H9,NN4_04,NWKV_NNFO_2022_004_E,Newark Valley,NN4,newarkensis,NA,NA,2022,NA,TuiChub_RADseq_Plate5_E,NEBNext 11,GGCTAC,GACAGTGC,5,7204009,3774769,0.361238,data/align/plate-5-GGGACAGTGCTGCAGG.sort.flt.bam
plate-5-GGAGTACAAGTGCAGG,A10,NN4_05,NWKV_NNFO_2022_005_E,Newark Valley,NN4,newarkensis,NA,NA,2022,NA,TuiChub_RADseq_Plate5_E,NEBNext 11,GGCTAC,AGTACAAG,5,2466129,1524872,0.144453,data/align/plate-5-GGAGTACAAGTGCAGG.sort.flt.bam
plate-5-GGACGTATCATGCAGG,B10,NN4_06,NWKV_NNFO_2022_006_E,Newark Valley,NN4,newarkensis,NA,NA,2022,NA,TuiChub_RADseq_Plate5_E,NEBNext 11,GGCTAC,ACGTATCA,5,4097400,2355125,0.227729,data/align/plate-5-GGACGTATCATGCAGG.sort.flt.bam
plate-5-GGCAGCGTTATGCAGG,C10,NN4_07,NWKV_NNFO_2022_007_E,Newark Valley,NN4,newarkensis,NA,NA,2022,NA,TuiChub_RADseq_Plate5_E,NEBNext 11,GGCTAC,CAGCGTTA,5,10835619,5157369,0.495197,data/align/plate-5-GGCAGCGTTATGCAGG.sort.flt.bam
plate-5-GGGAATCTGATGCAGG,D10,NN4_08,NWKV_NNFO_2022_008_E,Newark Valley,NN4,newarkensis,NA,NA,2022,NA,TuiChub_RADseq_Plate5_E,NEBNext 11,GGCTAC,GAATCTGA,5,6778621,3546030,0.339332,data/align/plate-5-GGGAATCTGATGCAGG.sort.flt.bam
plate-5-GGGTCTGTCATGCAGG,E10,NN4_09,NWKV_NNFO_2022_009_E,Newark Valley,NN4,newarkensis,NA,NA,2022,NA,TuiChub_RADseq_Plate5_E,NEBNext 11,GGCTAC,GTCTGTCA,5,1388884,926032,0.0885283,data/align/plate-5-GGGTCTGTCATGCAGG.sort.flt.bam
plate-5-GGAAGAGATCTGCAGG,F10,NN4_10,NWKV_NNFO_2022_010_E,Newark Valley,NN4,newarkensis,NA,NA,2022,NA,TuiChub_RADseq_Plate5_E,NEBNext 11,GGCTAC,AAGAGATC,5,7252182,3541972,0.338339,data/align/plate-5-GGAAGAGATCTGCAGG.sort.flt.bam
plate-5-GGATTGGCTCTGCAGG,G10,NN4_11,NWKV_NNFO_2022_011_E,Newark Valley,NN4,newarkensis,NA,NA,2022,NA,TuiChub_RADseq_Plate5_E,NEBNext 11,GGCTAC,ATTGGCTC,5,14510663,6625682,0.637412,data/align/plate-5-GGATTGGCTCTGCAGG.sort.flt.bam
plate-5-GGCATCAAGTTGCAGG,A11,NN4_13,NWKV_NNFO_2022_013_E,Newark Valley,NN4,newarkensis,NA,NA,2022,NA,TuiChub_RADseq_Plate5_E,NEBNext 11,GGCTAC,CATCAAGT,5,5202049,2917312,0.274928,data/align/plate-5-GGCATCAAGTTGCAGG.sort.flt.bam
plate-5-GGACTATGCATGCAGG,B11,NN4_14,NWKV_NNFO_2022_014_E,Newark Valley,NN4,newarkensis,NA,NA,2022,NA,TuiChub_RADseq_Plate5_E,NEBNext 11,GGCTAC,ACTATGCA,5,1389204,926157,0.0880751,data/align/plate-5-GGACTATGCATGCAGG.sort.flt.bam
plate-5-GGCATACCAATGCAGG,C11,NN4_15,NWKV_NNFO_2022_015_E,Newark Valley,NN4,newarkensis,NA,NA,2022,NA,TuiChub_RADseq_Plate5_E,NEBNext 11,GGCTAC,CATACCAA,5,3336088,2010509,0.188917,data/align/plate-5-GGCATACCAATGCAGG.sort.flt.bam
plate-5-GGGACTAGTATGCAGG,D11,NN4_16,NWKV_NNFO_2022_016_E,Newark Valley,NN4,newarkensis,NA,NA,2022,NA,TuiChub_RADseq_Plate5_E,NEBNext 11,GGCTAC,GACTAGTA,5,11007257,5139199,0.491066,data/align/plate-5-GGGACTAGTATGCAGG.sort.flt.bam
plate-5-GGGTGTTCTATGCAGG,E11,NN4_17,NWKV_NNFO_2022_017_E,Newark Valley,NN4,newarkensis,NA,NA,2022,NA,TuiChub_RADseq_Plate5_E,NEBNext 11,GGCTAC,GTGTTCTA,5,3576453,2080059,0.19862,data/align/plate-5-GGGTGTTCTATGCAGG.sort.flt.bam
plate-5-GGAAGGACACTGCAGG,F11,NN4_18,NWKV_NNFO_2022_018_E,Newark Valley,NN4,newarkensis,NA,NA,2022,NA,TuiChub_RADseq_Plate5_E,NEBNext 11,GGCTAC,AAGGACAC,5,4060927,2265523,0.217134,data/align/plate-5-GGAAGGACACTGCAGG.sort.flt.bam
plate-5-GGCAAGGAGCTGCAGG,G11,NN4_19,NWKV_NNFO_2022_019_E,Newark Valley,NN4,newarkensis,NA,NA,2022,NA,TuiChub_RADseq_Plate5_E,NEBNext 11,GGCTAC,CAAGGAGC,5,10306512,5089685,0.483691,data/align/plate-5-GGCAAGGAGCTGCAGG.sort.flt.bam
plate-5-GGGATGAATCTGCAGG,H11,NN4_20,NWKV_NNFO_2022_020_E,Newark Valley,NN4,newarkensis,NA,NA,2022,NA,TuiChub_RADseq_Plate5_E,NEBNext 11,GGCTAC,GATGAATC,5,5469659,3000906,0.287216,data/align/plate-5-GGGATGAATCTGCAGG.sort.flt.bam
plate-5-GGAGTGGTCATGCAGG,A12,NN4_21,NWKV_NNFO_2022_021_E,Newark Valley,NN4,newarkensis,NA,NA,2022,NA,TuiChub_RADseq_Plate5_E,NEBNext 11,GGCTAC,AGTGGTCA,5,5017500,2810894,0.274281,data/align/plate-5-GGAGTGGTCATGCAGG.sort.flt.bam
plate-5-GGAGAGTCAATGCAGG,B12,NN4_22,NWKV_NNFO_2022_022_E,Newark Valley,NN4,newarkensis,NA,NA,2022,NA,TuiChub_RADseq_Plate5_E,NEBNext 11,GGCTAC,AGAGTCAA,5,7650887,3914658,0.376482,data/align/plate-5-GGAGAGTCAATGCAGG.sort.flt.bam
plate-5-GGCCAGTTCATGCAGG,C12,NN4_23,NWKV_NNFO_2022_023_E,Newark Valley,NN4,newarkensis,NA,NA,2022,NA,TuiChub_RADseq_Plate5_E,NEBNext 11,GGCTAC,CCAGTTCA,5,2626439,1583456,0.151639,data/align/plate-5-GGCCAGTTCATGCAGG.sort.flt.bam
plate-6-GGAACAACCATGCAGG,B1,NN4_25,NWKV_NNFO_2022_025_F,Newark Valley,NN4,newarkensis,NA,NA,2022,NA,TuiChub_RADseq_Plate6_F,NEBNext 12,CTTGTA,AACAACCA,6,8062227,3219363,0.322009,data/align/plate-6-GGAACAACCATGCAGG.sort.flt.bam
plate-6-GGGCTAACGATGCAGG,E4,NVIV2,INDV_WARM_2022_002_F,Independence Valley,Warm Springs,isolatus,NA,NA,2022,NA,TuiChub_RADseq_Plate6_F,NEBNext 12,CTTGTA,GCTAACGA,6,2766673,1470497,0.136605,data/align/plate-6-GGGCTAACGATGCAGG.sort.flt.bam
plate-6-GGAGATGTACTGCAGG,G4,NVIV4,INDV_WARM_2022_004_F,Independence Valley,Warm Springs,isolatus,NA,NA,2022,NA,TuiChub_RADseq_Plate6_F,NEBNext 12,CTTGTA,AGATGTAC,6,13928506,5674577,0.52726,data/align/plate-6-GGAGATGTACTGCAGG.sort.flt.bam
plate-6-GGAACGTGATTGCAGG,A5,NVIV6,INDV_WARM_2022_006_F,Independence Valley,Warm Springs,isolatus,NA,NA,2022,NA,TuiChub_RADseq_Plate6_F,NEBNext 12,CTTGTA,AACGTGAT,6,1177968,671443,0.0616039,data/align/plate-6-GGAACGTGATTGCAGG.sort.flt.bam
plate-6-GGAAGGTACATGCAGG,B5,NVIV7,INDV_WARM_2022_007_F,Independence Valley,Warm Springs,isolatus,NA,NA,2022,NA,TuiChub_RADseq_Plate6_F,NEBNext 12,CTTGTA,AAGGTACA,6,1033926,595123,0.05551939999999999,data/align/plate-6-GGAAGGTACATGCAGG.sort.flt.bam
plate-6-GGATTGAGGATGCAGG,C5,NVIV8,INDV_WARM_2022_008_F,Independence Valley,Warm Springs,isolatus,NA,NA,2022,NA,TuiChub_RADseq_Plate6_F,NEBNext 12,CTTGTA,ATTGAGGA,6,1771884,967925,0.0895099,data/align/plate-6-GGATTGAGGATGCAGG.sort.flt.bam
plate-6-GGGCTCGGTATGCAGG,E5,NVIV10,INDV_WARM_2022_010_F,Independence Valley,Warm Springs,isolatus,NA,NA,2022,NA,TuiChub_RADseq_Plate6_F,NEBNext 12,CTTGTA,GCTCGGTA,6,6493329,2986135,0.272384,data/align/plate-6-GGGCTCGGTATGCAGG.sort.flt.bam
plate-6-GGTGGAACAATGCAGG,F5,NVIV11,INDV_WARM_2022_011_F,Independence Valley,Warm Springs,isolatus,NA,NA,2022,NA,TuiChub_RADseq_Plate6_F,NEBNext 12,CTTGTA,TGGAACAA,6,1480295,851973,0.0775624,data/align/plate-6-GGTGGAACAATGCAGG.sort.flt.bam
plate-6-GGAGCACCTCTGCAGG,G5,NVIV12,INDV_WARM_2022_012_F,Independence Valley,Warm Springs,isolatus,NA,NA,2022,NA,TuiChub_RADseq_Plate6_F,NEBNext 12,CTTGTA,AGCACCTC,6,4901412,2441080,0.230555,data/align/plate-6-GGAGCACCTCTGCAGG.sort.flt.bam
plate-6-GGCGACACACTGCAGG,H5,NVIV13,INDV_WARM_2022_013_F,Independence Valley,Warm Springs,isolatus,NA,NA,2022,NA,TuiChub_RADseq_Plate6_F,NEBNext 12,CTTGTA,CGACACAC,6,28275465,9523572,0.873603,data/align/plate-6-GGCGACACACTGCAGG.sort.flt.bam
plate-6-GGCGCTGATCTGCAGG,A6,NVIV14,INDV_WARM_2022_014_F,Independence Valley,Warm Springs,isolatus,NA,NA,2022,NA,TuiChub_RADseq_Plate6_F,NEBNext 12,CTTGTA,CGCTGATC,6,2361937,1228008,0.113505,data/align/plate-6-GGCGCTGATCTGCAGG.sort.flt.bam
plate-6-GGACACAGAATGCAGG,B6,NVIV15,INDV_WARM_2022_015_F,Independence Valley,Warm Springs,isolatus,NA,NA,2022,NA,TuiChub_RADseq_Plate6_F,NEBNext 12,CTTGTA,ACACAGAA,6,2710276,1382158,0.128797,data/align/plate-6-GGACACAGAATGCAGG.sort.flt.bam
plate-6-GGCGCATACATGCAGG,D6,NVIV17,INDV_WARM_2022_017_F,Independence Valley,Warm Springs,isolatus,NA,NA,2022,NA,TuiChub_RADseq_Plate6_F,NEBNext 12,CTTGTA,CGCATACA,6,8373330,3839651,0.363294,data/align/plate-6-GGCGCATACATGCAGG.sort.flt.bam
plate-6-GGGGAGAACATGCAGG,E6,NVIV18,INDV_WARM_2022_018_F,Independence Valley,Warm Springs,isolatus,NA,NA,2022,NA,TuiChub_RADseq_Plate6_F,NEBNext 12,CTTGTA,GGAGAACA,6,1723048,953018,0.0884788,data/align/plate-6-GGGGAGAACATGCAGG.sort.flt.bam
plate-6-GGTGGCTTCATGCAGG,F6,NVIV19,INDV_WARM_2022_019_F,Independence Valley,Warm Springs,isolatus,NA,NA,2022,NA,TuiChub_RADseq_Plate6_F,NEBNext 12,CTTGTA,TGGCTTCA,6,3376767,1790801,0.167212,data/align/plate-6-GGTGGCTTCATGCAGG.sort.flt.bam
plate-6-GGAGCCATGCTGCAGG,G6,NVIV20,INDV_WARM_2022_020_F,Independence Valley,Warm Springs,isolatus,NA,NA,2022,NA,TuiChub_RADseq_Plate6_F,NEBNext 12,CTTGTA,AGCCATGC,6,5231227,2612761,0.24822,data/align/plate-6-GGAGCCATGCTGCAGG.sort.flt.bam
plate-6-GGCGGATTGCTGCAGG,H6,NVIV21,INDV_WARM_2022_021_F,Independence Valley,Warm Springs,isolatus,NA,NA,2022,NA,TuiChub_RADseq_Plate6_F,NEBNext 12,CTTGTA,CGGATTGC,6,8060524,3658655,0.344393,data/align/plate-6-GGCGGATTGCTGCAGG.sort.flt.bam
plate-6-GGCAGATCTGTGCAGG,A7,NVIV22,INDV_WARM_2022_022_F,Independence Valley,Warm Springs,isolatus,NA,NA,2022,NA,TuiChub_RADseq_Plate6_F,NEBNext 12,CTTGTA,CAGATCTG,6,8722712,3829145,0.365075,data/align/plate-6-GGCAGATCTGTGCAGG.sort.flt.bam
plate-6-GGACAGCAGATGCAGG,B7,NVIV23,INDV_WARM_2022_023_F,Independence Valley,Warm Springs,isolatus,NA,NA,2022,NA,TuiChub_RADseq_Plate6_F,NEBNext 12,CTTGTA,ACAGCAGA,6,12651442,5354752,0.510945,data/align/plate-6-GGACAGCAGATGCAGG.sort.flt.bam
plate-6-GGCAAGACTATGCAGG,C7,NVIV24,INDV_WARM_2022_024_F,Independence Valley,Warm Springs,isolatus,NA,NA,2022,NA,TuiChub_RADseq_Plate6_F,NEBNext 12,CTTGTA,CAAGACTA,6,9185408,4192146,0.393121,data/align/plate-6-GGCAAGACTATGCAGG.sort.flt.bam
plate-6-GGCTCAATGATGCAGG,D7,NVIV25,INDV_WARM_2022_025_F,Independence Valley,Warm Springs,isolatus,NA,NA,2022,NA,TuiChub_RADseq_Plate6_F,NEBNext 12,CTTGTA,CTCAATGA,6,1294094,772606,0.076992,data/align/plate-6-GGCTCAATGATGCAGG.sort.flt.bam
