Q1,Q2,Q3,Q4,Q5,Ind,Well,GVL_Code,SampleName,Vicinity,Tributary/Collection Location,Species,Subspecies,Method,Year,Number,PlateName,PlateBarcodeName,PlateBarcodeSeq,Sample/Well Barcode (RAD Adaptor Seq),PlateNumber,Reads,Dedup,Coverage,Path,Path2,Taxon,Region,Index
0.05798328463119069,0.01776252575966913,0.00296291453657967,0.0692004346978587,0.8520908403747017,plate-15-GGAAACATCGTGCAGG,A2,STO02_204,MAMM_SOTR_2002_204_O,Mammoth Mountain,Sotcher Lake,snyderi,NA,NA,2002,NA,TuiChub_RADseq_Plate15_O,NEBNext 25,ACTGAT,AAACATCG,15,1211448,683081,0.0673717,data/align/plate-15-GGAAACATCGTGCAGG.sort.flt.bam,data/align/plate-15-GGAAACATCGTGCAGG.sort.flt.bam,snyderi,Mammoth Mountain,1
9.9999999e-10,9.9999999e-10,9.9999999e-10,0.03618113915397389,0.9638188578460263,plate-15-GGCCGTGAGATGCAGG,D2,STO02_207,MAMM_SOTR_2002_207_O,Mammoth Mountain,Sotcher Lake,snyderi,NA,NA,2002,NA,TuiChub_RADseq_Plate15_O,NEBNext 25,ACTGAT,CCGTGAGA,15,7908575,3593212,0.357049,data/align/plate-15-GGCCGTGAGATGCAGG.sort.flt.bam,data/downsample/plate-15-GGCCGTGAGATGCAGG.reduced.bam,snyderi,Mammoth Mountain,2
9.9999999e-10,9.9999999e-10,9.9999999e-10,0.0377834549784158,0.9622165420215844,plate-15-GGGCCACATATGCAGG,E2,STO02_208,MAMM_SOTR_2002_208_O,Mammoth Mountain,Sotcher Lake,snyderi,NA,NA,2002,NA,TuiChub_RADseq_Plate15_O,NEBNext 25,ACTGAT,GCCACATA,15,7307997,3303003,0.328217,data/align/plate-15-GGGCCACATATGCAGG.sort.flt.bam,data/downsample/plate-15-GGGCCACATATGCAGG.reduced.bam,snyderi,Mammoth Mountain,3
9.9999999e-10,9.9999999e-10,9.9999999e-10,0.03453401323426325,0.9654659837657367,plate-15-GGTCCGTCTATGCAGG,F2,STO02_209,MAMM_SOTR_2002_209_O,Mammoth Mountain,Sotcher Lake,snyderi,NA,NA,2002,NA,TuiChub_RADseq_Plate15_O,NEBNext 25,ACTGAT,TCCGTCTA,15,8680311,3947708,0.394132,data/align/plate-15-GGTCCGTCTATGCAGG.sort.flt.bam,data/downsample/plate-15-GGTCCGTCTATGCAGG.reduced.bam,snyderi,Mammoth Mountain,4
9.9999999e-10,9.9999999e-10,9.9999999e-10,0.02992741044315487,0.9700725865568451,plate-15-GGACACTGACTGCAGG,G2,STO02_210,MAMM_SOTR_2002_210_O,Mammoth Mountain,Sotcher Lake,snyderi,NA,NA,2002,NA,TuiChub_RADseq_Plate15_O,NEBNext 25,ACTGAT,ACACTGAC,15,13049926,5419119,0.538717,data/align/plate-15-GGACACTGACTGCAGG.sort.flt.bam,data/downsample/plate-15-GGACACTGACTGCAGG.reduced.bam,snyderi,Mammoth Mountain,5
0.00973138902238099,9.9999999e-10,9.9999999e-10,0.04314465442178498,0.9471239545558339,plate-12-GGAGTCAAGCTGCAGG,H3,STO22_01,MAMM_SOTR_2022_001_L,Mammoth Mountain,Sotcher Lake,snyderi,NA,NA,2022,NA,TuiChub_RADseq_Plate12_L,NEBNext 21,GTTTCG,AGTCAAGC,12,2866506,1403500,0.148042,data/align/plate-12-GGAGTCAAGCTGCAGG.sort.flt.bam,data/align/plate-12-GGAGTCAAGCTGCAGG.sort.flt.bam,snyderi,Mammoth Mountain,6
0.03630490511139706,0.00173362236900513,1e-9,0.04023643411998795,0.9217250373996099,plate-12-GGACCACTGTTGCAGG,A4,STO22_02,MAMM_SOTR_2022_002_L,Mammoth Mountain,Sotcher Lake,snyderi,NA,NA,2022,NA,TuiChub_RADseq_Plate12_L,NEBNext 21,GTTTCG,ACCACTGT,12,1878578,968106,0.101429,data/align/plate-12-GGACCACTGTTGCAGG.sort.flt.bam,data/align/plate-12-GGACCACTGTTGCAGG.sort.flt.bam,snyderi,Mammoth Mountain,7
9.9999999e-10,9.9999999e-10,9.9999999e-10,0.02000558575291368,0.9799944112470862,plate-12-GGAAGACGGATGCAGG,B4,STO22_03,MAMM_SOTR_2022_003_L,Mammoth Mountain,Sotcher Lake,snyderi,NA,NA,2022,NA,TuiChub_RADseq_Plate12_L,NEBNext 21,GTTTCG,AAGACGGA,12,2999137,1470788,0.152933,data/align/plate-12-GGAAGACGGATGCAGG.sort.flt.bam,data/align/plate-12-GGAAGACGGATGCAGG.sort.flt.bam,snyderi,Mammoth Mountain,8
9.9999999e-10,9.9999999e-10,9.9999999e-10,0.02895949505796704,0.9710405019420328,plate-12-GGATCCTGTATGCAGG,C4,STO22_04,MAMM_SOTR_2022_004_L,Mammoth Mountain,Sotcher Lake,snyderi,NA,NA,2022,NA,TuiChub_RADseq_Plate12_L,NEBNext 21,GTTTCG,ATCCTGTA,12,4248968,1957567,0.205715,data/align/plate-12-GGATCCTGTATGCAGG.sort.flt.bam,data/align/plate-12-GGATCCTGTATGCAGG.sort.flt.bam,snyderi,Mammoth Mountain,9
9.9999999e-10,9.9999999e-10,9.9999999e-10,0.05718187745192899,0.9428181195480709,plate-12-GGCGAACTTATGCAGG,D4,STO22_05,MAMM_SOTR_2022_005_L,Mammoth Mountain,Sotcher Lake,snyderi,NA,NA,2022,NA,TuiChub_RADseq_Plate12_L,NEBNext 21,GTTTCG,CGAACTTA,12,2466726,1206828,0.123715,data/align/plate-12-GGCGAACTTATGCAGG.sort.flt.bam,data/align/plate-12-GGCGAACTTATGCAGG.sort.flt.bam,snyderi,Mammoth Mountain,10
9.9999999e-10,9.9999999e-10,9.9999999e-10,0.03343979168540205,0.966560205314598,plate-12-GGGCTAACGATGCAGG,E4,STO22_06,MAMM_SOTR_2022_006_L,Mammoth Mountain,Sotcher Lake,snyderi,NA,NA,2022,NA,TuiChub_RADseq_Plate12_L,NEBNext 21,GTTTCG,GCTAACGA,12,3291542,1571551,0.166197,data/align/plate-12-GGGCTAACGATGCAGG.sort.flt.bam,data/align/plate-12-GGGCTAACGATGCAGG.sort.flt.bam,snyderi,Mammoth Mountain,11
9.9999999e-10,9.9999999e-10,9.9999999e-10,0.03069363152017588,0.9693063654798242,plate-12-GGTGAAGAGATGCAGG,F4,STO22_07,MAMM_SOTR_2022_007_L,Mammoth Mountain,Sotcher Lake,snyderi,NA,NA,2022,NA,TuiChub_RADseq_Plate12_L,NEBNext 21,GTTTCG,TGAAGAGA,12,3236873,1571138,0.165888,data/align/plate-12-GGTGAAGAGATGCAGG.sort.flt.bam,data/align/plate-12-GGTGAAGAGATGCAGG.sort.flt.bam,snyderi,Mammoth Mountain,12
9.9999999e-10,9.9999999e-10,9.9999999e-10,0.04146692536849348,0.9585330716315064,plate-12-GGAACGCTTATGCAGG,B3,STO98_09,MAMM_SOTR_1998_009_L,Mammoth Mountain,"Sotcher Lake Outlet, Reds Meadow Creek",snyderi,NA,NA,1998,NA,TuiChub_RADseq_Plate12_L,NEBNext 21,GTTTCG,AACGCTTA,12,2177237,1167772,0.122655,data/align/plate-12-GGAACGCTTATGCAGG.sort.flt.bam,data/align/plate-12-GGAACGCTTATGCAGG.sort.flt.bam,snyderi,Mammoth Mountain,13
0.05377724946029253,0.00890969890138728,7.176109756459e-5,0.03432021635359709,0.9029210741871586,plate-12-GGCCTCCTGATGCAGG,D3,STO98_13,MAMM_SOTR_1998_013_L,Mammoth Mountain,"Sotcher Lake Outlet, Reds Meadow Creek",snyderi,NA,NA,1998,NA,TuiChub_RADseq_Plate12_L,NEBNext 21,GTTTCG,CCTCCTGA,12,934975,553051,0.057963,data/align/plate-12-GGCCTCCTGATGCAGG.sort.flt.bam,data/align/plate-12-GGCCTCCTGATGCAGG.sort.flt.bam,snyderi,Mammoth Mountain,14
0.2928381495610446,9.9999999e-10,0.00353600125247807,0.05587075231444346,0.6477550958720338,plate-11-GGCCGTGAGATGCAGG,D2,CVL10_01,OWEN_CONV_2010_001_K,Owens River,Convict Lake,snyderi,NA,NA,2010,NA,TuiChub_RADseq_Plate11_K,NEBNext 20,GTGGCC,CCGTGAGA,11,3218072,810044,0.0824286,data/align/plate-11-GGCCGTGAGATGCAGG.sort.flt.bam,data/align/plate-11-GGCCGTGAGATGCAGG.sort.flt.bam,snyderi,Owens River,15
0.34188657577772913,9.9999999e-10,2.7241955866e-7,0.0523980477507228,0.6057151030519894,plate-11-GGGCCACATATGCAGG,E2,CVL10_02,OWEN_CONV_2010_002_K,Owens River,Convict Lake,snyderi,NA,NA,2010,NA,TuiChub_RADseq_Plate11_K,NEBNext 20,GTGGCC,GCCACATA,11,2504866,683809,0.0701428,data/align/plate-11-GGGCCACATATGCAGG.sort.flt.bam,data/align/plate-11-GGGCCACATATGCAGG.sort.flt.bam,snyderi,Owens River,16
0.29815616518503313,9.9999999e-10,9.9999999e-10,0.04702934954260733,0.6548144832723594,plate-11-GGACACTGACTGCAGG,G2,CVL10_04,OWEN_CONV_2010_004_K,Owens River,Convict Lake,snyderi,NA,NA,2010,NA,TuiChub_RADseq_Plate11_K,NEBNext 20,GTGGCC,ACACTGAC,11,9764970,2031572,0.207212,data/align/plate-11-GGACACTGACTGCAGG.sort.flt.bam,data/downsample/plate-11-GGACACTGACTGCAGG.reduced.bam,snyderi,Owens River,17
0.31511399323562533,9.9999999e-10,9.9999999e-10,0.04509065391429602,0.6397953508500787,plate-11-GGCCGACAACTGCAGG,H2,CVL10_05,OWEN_CONV_2010_005_K,Owens River,Convict Lake,snyderi,NA,NA,2010,NA,TuiChub_RADseq_Plate11_K,NEBNext 20,GTGGCC,CCGACAAC,11,4531984,1109944,0.112832,data/align/plate-11-GGCCGACAACTGCAGG.sort.flt.bam,data/align/plate-11-GGCCGACAACTGCAGG.sort.flt.bam,snyderi,Owens River,18
0.37914846171238253,1e-9,2.13233642e-9,0.05520604308372479,0.5656454920715561,plate-11-GGACATTGGCTGCAGG,A3,CVL10_06,OWEN_CONV_2010_006_K,Owens River,Convict Lake,snyderi,NA,NA,2010,NA,TuiChub_RADseq_Plate11_K,NEBNext 20,GTGGCC,ACATTGGC,11,4178176,1009511,0.103602,data/align/plate-11-GGACATTGGCTGCAGG.sort.flt.bam,data/align/plate-11-GGACATTGGCTGCAGG.sort.flt.bam,snyderi,Owens River,19
0.3932438923355103,9.9999999e-10,9.9999999e-10,0.0243256528071944,0.5824304528572951,plate-11-GGAACGCTTATGCAGG,B3,CVL10_07,OWEN_CONV_2010_007_K,Owens River,Convict Lake,snyderi,NA,NA,2010,NA,TuiChub_RADseq_Plate11_K,NEBNext 20,GTGGCC,AACGCTTA,11,11459669,2366343,0.241575,data/align/plate-11-GGAACGCTTATGCAGG.sort.flt.bam,data/downsample/plate-11-GGAACGCTTATGCAGG.reduced.bam,snyderi,Owens River,20
0.3897018677941747,9.9999999e-10,9.9999999e-10,0.04306312096713098,0.5672350092386942,plate-11-GGAGTCACTATGCAGG,C3,CVL10_08,OWEN_CONV_2010_008_K,Owens River,Convict Lake,snyderi,NA,NA,2010,NA,TuiChub_RADseq_Plate11_K,NEBNext 20,GTGGCC,AGTCACTA,11,17706460,3327691,0.339314,data/align/plate-11-GGAGTCACTATGCAGG.sort.flt.bam,data/downsample/plate-11-GGAGTCACTATGCAGG.reduced.bam,snyderi,Owens River,21
0.4215116764022346,0.0074047230039847,1.3849701774e-7,0.04578086996242568,0.5253025921343373,plate-11-GGCCTCCTGATGCAGG,D3,CVL10_09,OWEN_CONV_2010_009_K,Owens River,Convict Lake,snyderi,NA,NA,2010,NA,TuiChub_RADseq_Plate11_K,NEBNext 20,GTGGCC,CCTCCTGA,11,1920193,554862,0.05665,data/align/plate-11-GGCCTCCTGATGCAGG.sort.flt.bam,data/align/plate-11-GGCCTCCTGATGCAGG.sort.flt.bam,snyderi,Owens River,22
0.35790921043733914,9.9999999e-10,9.9999999e-10,0.03595289915158549,0.6061378884110752,plate-11-GGGCGAGTAATGCAGG,E3,CVL10_10,OWEN_CONV_2010_010_K,Owens River,Convict Lake,snyderi,NA,NA,2010,NA,TuiChub_RADseq_Plate11_K,NEBNext 20,GTGGCC,GCGAGTAA,11,9737689,2043674,0.209059,data/align/plate-11-GGGCGAGTAATGCAGG.sort.flt.bam,data/downsample/plate-11-GGGCGAGTAATGCAGG.reduced.bam,snyderi,Owens River,23
0.359234571850709,9.9999999e-10,9.9999999e-10,0.03992080438868629,0.6008446217606047,plate-11-GGTCTTCACATGCAGG,F3,CVL10_11,OWEN_CONV_2010_011_K,Owens River,Convict Lake,snyderi,NA,NA,2010,NA,TuiChub_RADseq_Plate11_K,NEBNext 20,GTGGCC,TCTTCACA,11,6658690,1479206,0.151333,data/align/plate-11-GGTCTTCACATGCAGG.sort.flt.bam,data/align/plate-11-GGTCTTCACATGCAGG.sort.flt.bam,snyderi,Owens River,24
0.29607030537378165,9.9999999e-10,5.005783718774e-4,0.06494953672080928,0.6384795785335318,plate-11-GGACAGATTCTGCAGG,G3,CVL10_12,OWEN_CONV_2010_012_K,Owens River,Convict Lake,snyderi,NA,NA,2010,NA,TuiChub_RADseq_Plate11_K,NEBNext 20,GTGGCC,ACAGATTC,11,3911753,945409,0.0970035,data/align/plate-11-GGACAGATTCTGCAGG.sort.flt.bam,data/align/plate-11-GGACAGATTCTGCAGG.sort.flt.bam,snyderi,Owens River,25
0.4258609351673588,9.9999999e-10,9.9999999e-10,0.04666795264591157,0.5274711101867295,plate-11-GGAGTCAAGCTGCAGG,H3,CVL10_13,OWEN_CONV_2010_013_K,Owens River,Convict Lake,snyderi,NA,NA,2010,NA,TuiChub_RADseq_Plate11_K,NEBNext 20,GTGGCC,AGTCAAGC,11,13921907,2704222,0.27498,data/align/plate-11-GGAGTCAAGCTGCAGG.sort.flt.bam,data/downsample/plate-11-GGAGTCAAGCTGCAGG.reduced.bam,snyderi,Owens River,26
9.9999999e-10,9.9999999e-10,9.9999999e-10,0.9999999959999999,9.9999999e-10,plate-10-GGAAGAGATCTGCAGG,F10,CWP10_55,OWEN_CWPD_2010_055_J,Owens River,Cottonwood Pond (White MT Research Center),toikona,NA,NA,2010,NA,TuiChub_RADseq_Plate10_J,NEBNext 18,GTCCGC,AAGAGATC,10,4140224,1004815,0.101478,data/align/plate-10-GGAAGAGATCTGCAGG.sort.flt.bam,data/align/plate-10-GGAAGAGATCTGCAGG.sort.flt.bam,toikona,Owens River,27
9.9999999e-10,9.9999999e-10,9.9999999e-10,0.999999996,9.9999999e-10,plate-10-GGATTGGCTCTGCAGG,G10,CWP10_56,OWEN_CWPD_2010_056_J,Owens River,Cottonwood Pond (White MT Research Center),toikona,NA,NA,2010,NA,TuiChub_RADseq_Plate10_J,NEBNext 18,GTCCGC,ATTGGCTC,10,8144349,1809072,0.181729,data/align/plate-10-GGATTGGCTCTGCAGG.sort.flt.bam,data/align/plate-10-GGATTGGCTCTGCAGG.sort.flt.bam,toikona,Owens River,28
9.9999999e-10,9.9999999e-10,9.9999999e-10,0.9999999959999999,9.9999999e-10,plate-10-GGGAGTTAGCTGCAGG,H10,CWP10_57,OWEN_CWPD_2010_057_J,Owens River,Cottonwood Pond (White MT Research Center),toikona,NA,NA,2010,NA,TuiChub_RADseq_Plate10_J,NEBNext 18,GTCCGC,GAGTTAGC,10,11832826,2526387,0.253126,data/align/plate-10-GGGAGTTAGCTGCAGG.sort.flt.bam,data/downsample/plate-10-GGGAGTTAGCTGCAGG.reduced.bam,toikona,Owens River,29
9.9999999e-10,9.9999999e-10,9.9999999e-10,0.999999996,9.9999999e-10,plate-10-GGCATCAAGTTGCAGG,A11,CWP10_58,OWEN_CWPD_2010_058_J,Owens River,Cottonwood Pond (White MT Research Center),toikona,NA,NA,2010,NA,TuiChub_RADseq_Plate10_J,NEBNext 18,GTCCGC,CATCAAGT,10,5974880,1342887,0.135299,data/align/plate-10-GGCATCAAGTTGCAGG.sort.flt.bam,data/align/plate-10-GGCATCAAGTTGCAGG.sort.flt.bam,toikona,Owens River,30
9.9999999e-10,9.9999999e-10,9.9999999e-10,0.9999999959999999,9.9999999e-10,plate-10-GGACTATGCATGCAGG,B11,CWP10_59,OWEN_CWPD_2010_059_J,Owens River,Cottonwood Pond (White MT Research Center),toikona,NA,NA,2010,NA,TuiChub_RADseq_Plate10_J,NEBNext 18,GTCCGC,ACTATGCA,10,6812315,1512668,0.152331,data/align/plate-10-GGACTATGCATGCAGG.sort.flt.bam,data/align/plate-10-GGACTATGCATGCAGG.sort.flt.bam,toikona,Owens River,31
9.9999999e-10,9.9999999e-10,9.9999999e-10,0.999999996,9.9999999e-10,plate-10-GGCATACCAATGCAGG,C11,CWP10_60,OWEN_CWPD_2010_060_J,Owens River,Cottonwood Pond (White MT Research Center),toikona,NA,NA,2010,NA,TuiChub_RADseq_Plate10_J,NEBNext 18,GTCCGC,CATACCAA,10,8479500,1816243,0.183126,data/align/plate-10-GGCATACCAATGCAGG.sort.flt.bam,data/align/plate-10-GGCATACCAATGCAGG.sort.flt.bam,toikona,Owens River,32
9.9999999e-10,9.9999999e-10,9.9999999e-10,0.999999996,9.9999999e-10,plate-10-GGGACTAGTATGCAGG,D11,CWP10_61,OWEN_CWPD_2010_061_J,Owens River,Cottonwood Pond (White MT Research Center),toikona,NA,NA,2010,NA,TuiChub_RADseq_Plate10_J,NEBNext 18,GTCCGC,GACTAGTA,10,5877521,1300301,0.131481,data/align/plate-10-GGGACTAGTATGCAGG.sort.flt.bam,data/align/plate-10-GGGACTAGTATGCAGG.sort.flt.bam,toikona,Owens River,33
9.9999999e-10,9.9999999e-10,9.9999999e-10,0.9999999959999999,9.9999999e-10,plate-10-GGGTGTTCTATGCAGG,E11,CWP10_62,OWEN_CWPD_2010_062_J,Owens River,Cottonwood Pond (White MT Research Center),toikona,NA,NA,2010,NA,TuiChub_RADseq_Plate10_J,NEBNext 18,GTCCGC,GTGTTCTA,10,7127992,1594143,0.160454,data/align/plate-10-GGGTGTTCTATGCAGG.sort.flt.bam,data/align/plate-10-GGGTGTTCTATGCAGG.sort.flt.bam,toikona,Owens River,34
9.9999999e-10,9.9999999e-10,5.981101462e-7,0.9999993988898536,9.9999999e-10,plate-10-GGAAGGACACTGCAGG,F11,CWP10_63,OWEN_CWPD_2010_063_J,Owens River,Cottonwood Pond (White MT Research Center),toikona,NA,NA,2010,NA,TuiChub_RADseq_Plate10_J,NEBNext 18,GTCCGC,AAGGACAC,10,2584134,622579,0.0624355,data/align/plate-10-GGAAGGACACTGCAGG.sort.flt.bam,data/align/plate-10-GGAAGGACACTGCAGG.sort.flt.bam,toikona,Owens River,35
9.9999999e-10,9.9999999e-10,9.9999999e-10,0.999999996,9.9999999e-10,plate-10-GGCAAGGAGCTGCAGG,G11,CWP10_64,OWEN_CWPD_2010_064_J,Owens River,Cottonwood Pond (White MT Research Center),toikona,NA,NA,2010,NA,TuiChub_RADseq_Plate10_J,NEBNext 18,GTCCGC,CAAGGAGC,10,9334700,1964468,0.19838,data/align/plate-10-GGCAAGGAGCTGCAGG.sort.flt.bam,data/align/plate-10-GGCAAGGAGCTGCAGG.sort.flt.bam,toikona,Owens River,36
9.9999999e-10,9.9999999e-10,9.9999999e-10,0.9999999959999999,9.9999999e-10,plate-10-GGGATGAATCTGCAGG,H11,CWP10_65,OWEN_CWPD_2010_065_J,Owens River,Cottonwood Pond (White MT Research Center),toikona,NA,NA,2010,NA,TuiChub_RADseq_Plate10_J,NEBNext 18,GTCCGC,GATGAATC,10,7997992,1787193,0.179739,data/align/plate-10-GGGATGAATCTGCAGG.sort.flt.bam,data/align/plate-10-GGGATGAATCTGCAGG.sort.flt.bam,toikona,Owens River,37
9.9999999e-10,9.9999999e-10,9.9999999e-10,0.9999999959999999,9.9999999e-10,plate-10-GGAGTGGTCATGCAGG,A12,CWP10_70,OWEN_CWPD_2010_070_J,Owens River,Cottonwood Pond (White MT Research Center),toikona,NA,NA,2010,NA,TuiChub_RADseq_Plate10_J,NEBNext 18,GTCCGC,AGTGGTCA,10,10823035,2408248,0.240569,data/align/plate-10-GGAGTGGTCATGCAGG.sort.flt.bam,data/downsample/plate-10-GGAGTGGTCATGCAGG.reduced.bam,toikona,Owens River,38
9.9999999e-10,9.9999999e-10,9.9999999e-10,0.9999999959999999,9.9999999e-10,plate-10-GGAGAGTCAATGCAGG,B12,CWP10_71,OWEN_CWPD_2010_071_J,Owens River,Cottonwood Pond (White MT Research Center),toikona,NA,NA,2010,NA,TuiChub_RADseq_Plate10_J,NEBNext 18,GTCCGC,AGAGTCAA,10,9742138,2077837,0.209207,data/align/plate-10-GGAGAGTCAATGCAGG.sort.flt.bam,data/downsample/plate-10-GGAGAGTCAATGCAGG.reduced.bam,toikona,Owens River,39
9.9999999e-10,9.9999999e-10,9.9999999e-10,0.999999996,9.9999999e-10,plate-10-GGCCAGTTCATGCAGG,C12,CWP10_72,OWEN_CWPD_2010_072_J,Owens River,Cottonwood Pond (White MT Research Center),toikona,NA,NA,2010,NA,TuiChub_RADseq_Plate10_J,NEBNext 18,GTCCGC,CCAGTTCA,10,11822510,2454175,0.246878,data/align/plate-10-GGCCAGTTCATGCAGG.sort.flt.bam,data/downsample/plate-10-GGCCAGTTCATGCAGG.reduced.bam,toikona,Owens River,40
9.9999999e-10,9.9999999e-10,9.9999999e-10,0.9999999959999999,9.9999999e-10,plate-11-GGACAAGCTATGCAGG,A1,CWP10_73,OWEN_CWPD_2010_073_K,Owens River,Cottonwood Pond (White MT Research Center),toikona,NA,NA,2010,NA,TuiChub_RADseq_Plate11_K,NEBNext 20,GTGGCC,ACAAGCTA,11,5372613,1200551,0.122795,data/align/plate-11-GGACAAGCTATGCAGG.sort.flt.bam,data/align/plate-11-GGACAAGCTATGCAGG.sort.flt.bam,toikona,Owens River,41
9.9999999e-10,9.9999999e-10,9.9999999e-10,0.999999996,9.9999999e-10,plate-11-GGAACAACCATGCAGG,B1,CWP10_74,OWEN_CWPD_2010_074_K,Owens River,Cottonwood Pond (White MT Research Center),toikona,NA,NA,2010,NA,TuiChub_RADseq_Plate11_K,NEBNext 20,GTGGCC,AACAACCA,11,6221322,1375727,0.14065,data/align/plate-11-GGAACAACCATGCAGG.sort.flt.bam,data/align/plate-11-GGAACAACCATGCAGG.sort.flt.bam,toikona,Owens River,42
0.01522268360595029,4.7058032603e-7,1.73274952702e-6,0.9847751120641967,9.9999999e-10,plate-11-GGAGATCGCATGCAGG,C1,CWP10_75,OWEN_CWPD_2010_075_K,Owens River,Cottonwood Pond (White MT Research Center),toikona,NA,NA,2010,NA,TuiChub_RADseq_Plate11_K,NEBNext 20,GTGGCC,AGATCGCA,11,4042106,934525,0.0959475,data/align/plate-11-GGAGATCGCATGCAGG.sort.flt.bam,data/align/plate-11-GGAGATCGCATGCAGG.sort.flt.bam,toikona,Owens River,43
9.9999999e-10,9.9999999e-10,9.9999999e-10,0.999999996,9.9999999e-10,plate-11-GGCCGAAGTATGCAGG,D1,CWP10_76,OWEN_CWPD_2010_076_K,Owens River,Cottonwood Pond (White MT Research Center),toikona,NA,NA,2010,NA,TuiChub_RADseq_Plate11_K,NEBNext 20,GTGGCC,CCGAAGTA,11,10650880,2126315,0.217392,data/align/plate-11-GGCCGAAGTATGCAGG.sort.flt.bam,data/downsample/plate-11-GGCCGAAGTATGCAGG.reduced.bam,toikona,Owens River,44
0.0084136666757481,9.9999999e-10,4.2814365621794e-4,0.9813632592091365,0.00979492945889745,plate-11-GGGATAGACATGCAGG,E1,CWP10_77,OWEN_CWPD_2010_077_K,Owens River,Cottonwood Pond (White MT Research Center),toikona,NA,NA,2010,NA,TuiChub_RADseq_Plate11_K,NEBNext 20,GTGGCC,GATAGACA,11,3712696,874488,0.089217,data/align/plate-11-GGGATAGACATGCAGG.sort.flt.bam,data/align/plate-11-GGGATAGACATGCAGG.sort.flt.bam,toikona,Owens River,45
9.9999999e-10,9.9999999e-10,9.9999999e-10,0.999999996,9.9999999e-10,plate-11-GGTATCAGCATGCAGG,F1,CWP10_78,OWEN_CWPD_2010_078_K,Owens River,Cottonwood Pond (White MT Research Center),toikona,NA,NA,2010,NA,TuiChub_RADseq_Plate11_K,NEBNext 20,GTGGCC,TATCAGCA,11,3297691,779073,0.0796918,data/align/plate-11-GGTATCAGCATGCAGG.sort.flt.bam,data/align/plate-11-GGTATCAGCATGCAGG.sort.flt.bam,toikona,Owens River,46
9.9999999e-10,9.9999999e-10,9.9999999e-10,0.999999996,9.9999999e-10,plate-11-GGAATGTTGCTGCAGG,G1,CWP10_79,OWEN_CWPD_2010_079_K,Owens River,Cottonwood Pond (White MT Research Center),toikona,NA,NA,2010,NA,TuiChub_RADseq_Plate11_K,NEBNext 20,GTGGCC,AATGTTGC,11,8240438,1704928,0.174629,data/align/plate-11-GGAATGTTGCTGCAGG.sort.flt.bam,data/align/plate-11-GGAATGTTGCTGCAGG.sort.flt.bam,toikona,Owens River,47
9.9999999e-10,9.9999999e-10,9.9999999e-10,0.9999999959999999,9.9999999e-10,plate-11-GGCCATCCTCTGCAGG,H1,CWP10_80,OWEN_CWPD_2010_080_K,Owens River,Cottonwood Pond (White MT Research Center),toikona,NA,NA,2010,NA,TuiChub_RADseq_Plate11_K,NEBNext 20,GTGGCC,CCATCCTC,11,6003830,1293104,0.132129,data/align/plate-11-GGCCATCCTCTGCAGG.sort.flt.bam,data/align/plate-11-GGCCATCCTCTGCAGG.sort.flt.bam,toikona,Owens River,48
9.9999999e-10,9.9999999e-10,9.9999999e-10,0.9999999959999999,9.9999999e-10,plate-11-GGAAACATCGTGCAGG,A2,CWP10_81,OWEN_CWPD_2010_081_K,Owens River,Cottonwood Pond (White MT Research Center),toikona,NA,NA,2010,NA,TuiChub_RADseq_Plate11_K,NEBNext 20,GTGGCC,AAACATCG,11,11668896,2304183,0.234817,data/align/plate-11-GGAAACATCGTGCAGG.sort.flt.bam,data/downsample/plate-11-GGAAACATCGTGCAGG.reduced.bam,toikona,Owens River,49
9.9999999e-10,9.9999999e-10,9.9999999e-10,0.999999996,9.9999999e-10,plate-11-GGAACCGAGATGCAGG,B2,CWP10_82,OWEN_CWPD_2010_082_K,Owens River,Cottonwood Pond (White MT Research Center),toikona,NA,NA,2010,NA,TuiChub_RADseq_Plate11_K,NEBNext 20,GTGGCC,AACCGAGA,11,12378569,2379331,0.242951,data/align/plate-11-GGAACCGAGATGCAGG.sort.flt.bam,data/downsample/plate-11-GGAACCGAGATGCAGG.reduced.bam,toikona,Owens River,50
9.9999999e-10,9.9999999e-10,9.9999999e-10,0.999999996,9.9999999e-10,plate-11-GGAGCAGGAATGCAGG,C2,CWP10_83,OWEN_CWPD_2010_083_K,Owens River,Cottonwood Pond (White MT Research Center),toikona,NA,NA,2010,NA,TuiChub_RADseq_Plate11_K,NEBNext 20,GTGGCC,AGCAGGAA,11,7132649,1507203,0.154326,data/align/plate-11-GGAGCAGGAATGCAGG.sort.flt.bam,data/align/plate-11-GGAGCAGGAATGCAGG.sort.flt.bam,toikona,Owens River,51
0.2541852877583856,9.9999999e-10,9.9999999e-10,0.03641336011770097,0.7094013501239134,plate-11-GGCTCAATGATGCAGG,D7,LHC15_51,OWEN_LHTC_2015_051_K,Owens River,Little Hot Creek,snyderi,NA,NA,2015,NA,TuiChub_RADseq_Plate11_K,NEBNext 20,GTGGCC,CTCAATGA,11,6397688,1388240,0.14272,data/align/plate-11-GGCTCAATGATGCAGG.sort.flt.bam,data/align/plate-11-GGCTCAATGATGCAGG.sort.flt.bam,snyderi,Owens River,52
0.30867409252857386,9.9999999e-10,9.9999999e-10,0.02165169058503538,0.6696742148863907,plate-11-GGGGTGCGAATGCAGG,E7,LHC15_52,OWEN_LHTC_2015_052_K,Owens River,Little Hot Creek,snyderi,NA,NA,2015,NA,TuiChub_RADseq_Plate11_K,NEBNext 20,GTGGCC,GGTGCGAA,11,7588212,1595909,0.163768,data/align/plate-11-GGGGTGCGAATGCAGG.sort.flt.bam,data/align/plate-11-GGGGTGCGAATGCAGG.sort.flt.bam,snyderi,Owens River,53
0.24132382128801513,9.9999999e-10,9.9999999e-10,0.02398249588211755,0.7346936808298675,plate-11-GGTGGTGGTATGCAGG,F7,LHC15_53,OWEN_LHTC_2015_053_K,Owens River,Little Hot Creek,snyderi,NA,NA,2015,NA,TuiChub_RADseq_Plate11_K,NEBNext 20,GTGGCC,TGGTGGTA,11,5872764,1261202,0.129377,data/align/plate-11-GGTGGTGGTATGCAGG.sort.flt.bam,data/align/plate-11-GGTGGTGGTATGCAGG.sort.flt.bam,snyderi,Owens River,54
0.24364236863037672,9.9999999e-10,1.099477186737e-5,0.02634691348225456,0.7299997221155011,plate-11-GGAGGCTAACTGCAGG,G7,LHC15_54,OWEN_LHTC_2015_054_K,Owens River,Little Hot Creek,snyderi,NA,NA,2015,NA,TuiChub_RADseq_Plate11_K,NEBNext 20,GTGGCC,AGGCTAAC,11,8142106,1706941,0.17396,data/align/plate-11-GGAGGCTAACTGCAGG.sort.flt.bam,data/align/plate-11-GGAGGCTAACTGCAGG.sort.flt.bam,snyderi,Owens River,55
0.29401301427234056,9.9999999e-10,9.9999999e-10,0.02134173853969236,0.684645245187967,plate-11-GGCTAAGGTCTGCAGG,H7,LHC22_01,OWEN_LHTC_2022_001_K,Owens River,Little Hot Creek,snyderi,NA,NA,2022,NA,TuiChub_RADseq_Plate11_K,NEBNext 20,GTGGCC,CTAAGGTC,11,10795678,1996550,0.20483,data/align/plate-11-GGCTAAGGTCTGCAGG.sort.flt.bam,data/align/plate-11-GGCTAAGGTCTGCAGG.sort.flt.bam,snyderi,Owens River,56
0.22439646760884793,1e-9,0.01153874335903605,0.04881160386833142,0.7152531841637847,plate-11-GGACCTCCAATGCAGG,B8,LHC22_03,OWEN_LHTC_2022_003_K,Owens River,Little Hot Creek,snyderi,NA,NA,2022,NA,TuiChub_RADseq_Plate11_K,NEBNext 20,GTGGCC,ACCTCCAA,11,7364865,1410559,0.144474,data/align/plate-11-GGACCTCCAATGCAGG.sort.flt.bam,data/align/plate-11-GGACCTCCAATGCAGG.sort.flt.bam,snyderi,Owens River,57
0.2424588052068354,9.9999999e-10,9.9999999e-10,0.03226271710927736,0.7252784756838871,plate-11-GGCAATGGAATGCAGG,C8,LHC22_04,OWEN_LHTC_2022_004_K,Owens River,Little Hot Creek,snyderi,NA,NA,2022,NA,TuiChub_RADseq_Plate11_K,NEBNext 20,GTGGCC,CAATGGAA,11,10890243,1978038,0.202803,data/align/plate-11-GGCAATGGAATGCAGG.sort.flt.bam,data/align/plate-11-GGCAATGGAATGCAGG.sort.flt.bam,snyderi,Owens River,58
0.20906159878905103,9.9999999e-10,9.9999999e-10,0.02816713608206877,0.7627712631288801,plate-11-GGCTGAGCCATGCAGG,D8,LHC22_05,OWEN_LHTC_2022_005_K,Owens River,Little Hot Creek,snyderi,NA,NA,2022,NA,TuiChub_RADseq_Plate11_K,NEBNext 20,GTGGCC,CTGAGCCA,11,14575242,2493465,0.255143,data/align/plate-11-GGCTGAGCCATGCAGG.sort.flt.bam,data/downsample/plate-11-GGCTGAGCCATGCAGG.reduced.bam,snyderi,Owens River,59
0.28161884534655546,9.9999999e-10,9.9999999e-10,0.02400790558138087,0.6943732470720637,plate-11-GGGTACGCAATGCAGG,E8,LHC22_06,OWEN_LHTC_2022_006_K,Owens River,Little Hot Creek,snyderi,NA,NA,2022,NA,TuiChub_RADseq_Plate11_K,NEBNext 20,GTGGCC,GTACGCAA,11,9059077,1623411,0.165992,data/align/plate-11-GGGTACGCAATGCAGG.sort.flt.bam,data/align/plate-11-GGGTACGCAATGCAGG.sort.flt.bam,snyderi,Owens River,60
0.2604021645723216,1e-9,1.77585541149e-6,0.04927529544536368,0.6903207631269033,plate-11-GGTTCACGCATGCAGG,F8,LHC22_07,OWEN_LHTC_2022_007_K,Owens River,Little Hot Creek,snyderi,NA,NA,2022,NA,TuiChub_RADseq_Plate11_K,NEBNext 20,GTGGCC,TTCACGCA,11,6515057,1276769,0.107437,data/align/plate-11-GGTTCACGCATGCAGG.sort.flt.bam,data/align/plate-11-GGTTCACGCATGCAGG.sort.flt.bam,snyderi,Owens River,61
0.2769932726892918,3.214811729572e-5,1.635600117723e-5,0.04103104775749018,0.681927175434745,plate-11-GGATAGCGACTGCAGG,G8,LHC22_08,OWEN_LHTC_2022_008_K,Owens River,Little Hot Creek,snyderi,NA,NA,2022,NA,TuiChub_RADseq_Plate11_K,NEBNext 20,GTGGCC,ATAGCGAC,11,6510677,1245454,0.127853,data/align/plate-11-GGATAGCGACTGCAGG.sort.flt.bam,data/align/plate-11-GGATAGCGACTGCAGG.sort.flt.bam,snyderi,Owens River,62
0.2664086065356802,9.9999999e-10,9.9999999e-10,0.02844986277522109,0.7051415286890985,plate-11-GGGAACAGGCTGCAGG,H8,LHC22_09,OWEN_LHTC_2022_009_K,Owens River,Little Hot Creek,snyderi,NA,NA,2022,NA,TuiChub_RADseq_Plate11_K,NEBNext 20,GTGGCC,GAACAGGC,11,14028563,2478506,0.253839,data/align/plate-11-GGGAACAGGCTGCAGG.sort.flt.bam,data/downsample/plate-11-GGGAACAGGCTGCAGG.reduced.bam,snyderi,Owens River,63
0.23883318496646247,9.9999999e-10,7.937259108e-8,0.04895500011282579,0.7122117345481207,plate-11-GGAACGAACGTGCAGG,A9,LHC22_10,OWEN_LHTC_2022_010_K,Owens River,Little Hot Creek,snyderi,NA,NA,2022,NA,TuiChub_RADseq_Plate11_K,NEBNext 20,GTGGCC,AACGAACG,11,10086597,1863727,0.19126,data/align/plate-11-GGAACGAACGTGCAGG.sort.flt.bam,data/align/plate-11-GGAACGAACGTGCAGG.sort.flt.bam,snyderi,Owens River,64
0.2489037011934191,9.9999999e-10,9.9999999e-10,0.00754108556018552,0.7435552112463953,plate-11-GGACGCTCGATGCAGG,B9,LHC22_11,OWEN_LHTC_2022_011_K,Owens River,Little Hot Creek,snyderi,NA,NA,2022,NA,TuiChub_RADseq_Plate11_K,NEBNext 20,GTGGCC,ACGCTCGA,11,17267484,2893050,0.295395,data/align/plate-11-GGACGCTCGATGCAGG.sort.flt.bam,data/downsample/plate-11-GGACGCTCGATGCAGG.reduced.bam,snyderi,Owens River,65
0.3652217999251171,9.9999999e-10,9.9999999e-10,0.01738492779146239,0.6173932702834205,plate-13-GGCTGAGCCATGCAGG,D8,LHC02_224,OWEN_LHTC_2002_224_M,Owens River,Little Hot Creek Pond,snyderi,NA,NA,2002,NA,TuiChub_RADseq_Plate13_M,NEBNext 22,CGTACG,CTGAGCCA,13,2988065,1487211,0.151951,data/align/plate-13-GGCTGAGCCATGCAGG.sort.flt.bam,data/align/plate-13-GGCTGAGCCATGCAGG.sort.flt.bam,snyderi,Owens River,66
0.26354771384041537,9.9999999e-10,9.9999999e-10,0.02898655573896798,0.7074657284206167,plate-13-GGGTACGCAATGCAGG,E8,LHC02_237,OWEN_LHTC_2002_237_M,Owens River,Little Hot Creek Pond,snyderi,NA,NA,2002,NA,TuiChub_RADseq_Plate13_M,NEBNext 22,CGTACG,GTACGCAA,13,1865787,969371,0.098555,data/align/plate-13-GGGTACGCAATGCAGG.sort.flt.bam,data/align/plate-13-GGGTACGCAATGCAGG.sort.flt.bam,snyderi,Owens River,67
0.2921837707459698,9.9999999e-10,4.686128584032e-5,0.0322352390244855,0.6755341279437044,plate-13-GGTTCACGCATGCAGG,F8,LHC02_238,OWEN_LHTC_2002_238_M,Owens River,Little Hot Creek Pond,snyderi,NA,NA,2002,NA,TuiChub_RADseq_Plate13_M,NEBNext 22,CGTACG,TTCACGCA,13,1641149,923745,0.0913642,data/align/plate-13-GGTTCACGCATGCAGG.sort.flt.bam,data/align/plate-13-GGTTCACGCATGCAGG.sort.flt.bam,snyderi,Owens River,68
0.284440120198051,9.9999999e-10,9.9999999e-10,0.02957853281317866,0.6859813449887704,plate-13-GGATAGCGACTGCAGG,G8,LHC02_239,OWEN_LHTC_2002_239_M,Owens River,Little Hot Creek Pond,snyderi,NA,NA,2002,NA,TuiChub_RADseq_Plate13_M,NEBNext 22,CGTACG,ATAGCGAC,13,2324429,1186819,0.119834,data/align/plate-13-GGATAGCGACTGCAGG.sort.flt.bam,data/align/plate-13-GGATAGCGACTGCAGG.sort.flt.bam,snyderi,Owens River,69
0.27846115343752414,5.151971644e-8,7.90357978232e-6,0.039050501802979067,0.682480389659998,plate-13-GGAACGAACGTGCAGG,A9,LHC02_243,OWEN_LHTC_2002_243_M,Owens River,Little Hot Creek Pond,snyderi,NA,NA,2002,NA,TuiChub_RADseq_Plate13_M,NEBNext 22,CGTACG,AACGAACG,13,1094135,637892,0.0648074,data/align/plate-13-GGAACGAACGTGCAGG.sort.flt.bam,data/align/plate-13-GGAACGAACGTGCAGG.sort.flt.bam,snyderi,Owens River,70
0.2690434893295211,9.9999999e-10,4.606728929e-8,0.04161790712977551,0.689338556473414,plate-13-GGCACTTCGATGCAGG,C9,LHC02_246,OWEN_LHTC_2002_246_M,Owens River,Little Hot Creek Pond,snyderi,NA,NA,2002,NA,TuiChub_RADseq_Plate13_M,NEBNext 22,CGTACG,CACTTCGA,13,2223992,1203562,0.122863,data/align/plate-13-GGCACTTCGATGCAGG.sort.flt.bam,data/align/plate-13-GGCACTTCGATGCAGG.sort.flt.bam,snyderi,Owens River,71
0.2165839599609432,1e-9,8.6323288393e-7,0.02726665482990143,0.7561485209762715,plate-13-GGCTGGCATATGCAGG,D9,LHC02_249,OWEN_LHTC_2002_249_M,Owens River,Little Hot Creek Pond,snyderi,NA,NA,2002,NA,TuiChub_RADseq_Plate13_M,NEBNext 22,CGTACG,CTGGCATA,13,1944715,965846,0.0974766,data/align/plate-13-GGCTGGCATATGCAGG.sort.flt.bam,data/align/plate-13-GGCTGGCATATGCAGG.sort.flt.bam,snyderi,Owens River,72
0.0723487560128788,0.00128986897321649,6.64558613e-9,0.9263613673683188,9.9999999e-10,plate-11-GGACCACTGTTGCAGG,A4,MUS10_01,OWEN_MULE_2010_001_K,Owens River,Mule Spring,toikona,NA,NA,2010,NA,TuiChub_RADseq_Plate11_K,NEBNext 20,GTGGCC,ACCACTGT,11,2586810,652162,0.066824,data/align/plate-11-GGACCACTGTTGCAGG.sort.flt.bam,data/align/plate-11-GGACCACTGTTGCAGG.sort.flt.bam,toikona,Owens River,73
9.9999999e-10,9.9999999e-10,9.9999999e-10,0.999999996,9.9999999e-10,plate-11-GGAAGACGGATGCAGG,B4,MUS10_02,OWEN_MULE_2010_002_K,Owens River,Mule Spring,toikona,NA,NA,2010,NA,TuiChub_RADseq_Plate11_K,NEBNext 20,GTGGCC,AAGACGGA,11,4222523,995284,0.10186,data/align/plate-11-GGAAGACGGATGCAGG.sort.flt.bam,data/align/plate-11-GGAAGACGGATGCAGG.sort.flt.bam,toikona,Owens River,74
0.0110083089401463,9.9999999e-10,9.9999999e-10,0.9889916880598537,9.9999999e-10,plate-11-GGATCCTGTATGCAGG,C4,MUS10_03,OWEN_MULE_2010_003_K,Owens River,Mule Spring,toikona,NA,NA,2010,NA,TuiChub_RADseq_Plate11_K,NEBNext 20,GTGGCC,ATCCTGTA,11,4574072,1052723,0.107544,data/align/plate-11-GGATCCTGTATGCAGG.sort.flt.bam,data/align/plate-11-GGATCCTGTATGCAGG.sort.flt.bam,toikona,Owens River,75
9.9999999e-10,9.9999999e-10,9.9999999e-10,0.999999996,9.9999999e-10,plate-11-GGCGAACTTATGCAGG,D4,MUS10_04,OWEN_MULE_2010_004_K,Owens River,Mule Spring,toikona,NA,NA,2010,NA,TuiChub_RADseq_Plate11_K,NEBNext 20,GTGGCC,CGAACTTA,11,13669305,2784869,0.28251,data/align/plate-11-GGCGAACTTATGCAGG.sort.flt.bam,data/downsample/plate-11-GGCGAACTTATGCAGG.reduced.bam,toikona,Owens River,76
0.01197219343259004,0.01061001010906972,0.00201800852122049,0.9753997869371198,9.9999999e-10,plate-11-GGGCTAACGATGCAGG,E4,MUS10_05,OWEN_MULE_2010_005_K,Owens River,Mule Spring,toikona,NA,NA,2010,NA,TuiChub_RADseq_Plate11_K,NEBNext 20,GTGGCC,GCTAACGA,11,2923476,736619,0.0744684,data/align/plate-11-GGGCTAACGATGCAGG.sort.flt.bam,data/align/plate-11-GGGCTAACGATGCAGG.sort.flt.bam,toikona,Owens River,77
9.9999999e-10,9.9999999e-10,9.9999999e-10,0.999999996,9.9999999e-10,plate-11-GGTGAAGAGATGCAGG,F4,MUS10_06,OWEN_MULE_2010_006_K,Owens River,Mule Spring,toikona,NA,NA,2010,NA,TuiChub_RADseq_Plate11_K,NEBNext 20,GTGGCC,TGAAGAGA,11,4506144,1075983,0.107994,data/align/plate-11-GGTGAAGAGATGCAGG.sort.flt.bam,data/align/plate-11-GGTGAAGAGATGCAGG.sort.flt.bam,toikona,Owens River,78
9.9999999e-10,9.9999999e-10,0.01668064460440656,0.9833193523955934,9.9999999e-10,plate-11-GGCCTCTATCTGCAGG,H4,MUS10_08,OWEN_MULE_2010_008_K,Owens River,Mule Spring,toikona,NA,NA,2010,NA,TuiChub_RADseq_Plate11_K,NEBNext 20,GTGGCC,CCTCTATC,11,4574177,1062850,0.107947,data/align/plate-11-GGCCTCTATCTGCAGG.sort.flt.bam,data/align/plate-11-GGCCTCTATCTGCAGG.sort.flt.bam,toikona,Owens River,79
3.6878694157e-7,9.9999999e-10,0.01336141160938671,0.9866382176036717,9.9999999e-10,plate-11-GGAACGTGATTGCAGG,A5,MUS10_09,OWEN_MULE_2010_009_K,Owens River,Mule Spring,toikona,NA,NA,2010,NA,TuiChub_RADseq_Plate11_K,NEBNext 20,GTGGCC,AACGTGAT,11,3500769,834408,0.0848552,data/align/plate-11-GGAACGTGATTGCAGG.sort.flt.bam,data/align/plate-11-GGAACGTGATTGCAGG.sort.flt.bam,toikona,Owens River,80
2.66401412652e-6,9.9999999e-10,0.01017471276086136,0.9898226212250122,9.9999999e-10,plate-11-GGAAGGTACATGCAGG,B5,MUS10_10,OWEN_MULE_2010_010_K,Owens River,Mule Spring,toikona,NA,NA,2010,NA,TuiChub_RADseq_Plate11_K,NEBNext 20,GTGGCC,AAGGTACA,11,4056280,979442,0.0978821,data/align/plate-11-GGAAGGTACATGCAGG.sort.flt.bam,data/align/plate-11-GGAAGGTACATGCAGG.sort.flt.bam,toikona,Owens River,81
0.00392475854546215,9.9999999e-10,0.00704375994657973,0.9890314795079581,9.9999999e-10,plate-11-GGATTGAGGATGCAGG,C5,MUS10_11,OWEN_MULE_2010_011_K,Owens River,Mule Spring,toikona,NA,NA,2010,NA,TuiChub_RADseq_Plate11_K,NEBNext 20,GTGGCC,ATTGAGGA,11,4849308,1139740,0.115214,data/align/plate-11-GGATTGAGGATGCAGG.sort.flt.bam,data/align/plate-11-GGATTGAGGATGCAGG.sort.flt.bam,toikona,Owens River,82
9.9999999e-10,9.9999999e-10,9.9999999e-10,0.999999996,9.9999999e-10,plate-11-GGCGACTGGATGCAGG,D5,MUS10_12,OWEN_MULE_2010_012_K,Owens River,Mule Spring,toikona,NA,NA,2010,NA,TuiChub_RADseq_Plate11_K,NEBNext 20,GTGGCC,CGACTGGA,11,6112068,1344542,0.136581,data/align/plate-11-GGCGACTGGATGCAGG.sort.flt.bam,data/align/plate-11-GGCGACTGGATGCAGG.sort.flt.bam,toikona,Owens River,83
9.9999999e-10,9.9999999e-10,9.9999999e-10,0.9999999959999999,9.9999999e-10,plate-11-GGGCTCGGTATGCAGG,E5,MUS10_13,OWEN_MULE_2010_013_K,Owens River,Mule Spring,toikona,NA,NA,2010,NA,TuiChub_RADseq_Plate11_K,NEBNext 20,GTGGCC,GCTCGGTA,11,11073455,2262183,0.230387,data/align/plate-11-GGGCTCGGTATGCAGG.sort.flt.bam,data/downsample/plate-11-GGGCTCGGTATGCAGG.reduced.bam,toikona,Owens River,84
1.2736323569e-7,9.9999999e-10,0.00174245299882496,0.9982574176379394,9.9999999e-10,plate-11-GGTGGAACAATGCAGG,F5,MUS10_14,OWEN_MULE_2010_014_K,Owens River,Mule Spring,toikona,NA,NA,2010,NA,TuiChub_RADseq_Plate11_K,NEBNext 20,GTGGCC,TGGAACAA,11,2245745,550037,0.0554899,data/align/plate-11-GGTGGAACAATGCAGG.sort.flt.bam,data/align/plate-11-GGTGGAACAATGCAGG.sort.flt.bam,toikona,Owens River,85
9.9999999e-10,9.9999999e-10,9.9999999e-10,0.9999999959999999,9.9999999e-10,plate-11-GGAGCACCTCTGCAGG,G5,MUS10_15,OWEN_MULE_2010_015_K,Owens River,Mule Spring,toikona,NA,NA,2010,NA,TuiChub_RADseq_Plate11_K,NEBNext 20,GTGGCC,AGCACCTC,11,9002926,1875845,0.190291,data/align/plate-11-GGAGCACCTCTGCAGG.sort.flt.bam,data/align/plate-11-GGAGCACCTCTGCAGG.sort.flt.bam,toikona,Owens River,86
9.9999999e-10,9.9999999e-10,9.9999999e-10,0.999999996,9.9999999e-10,plate-11-GGCGACACACTGCAGG,H5,MUS10_16,OWEN_MULE_2010_016_K,Owens River,Mule Spring,toikona,NA,NA,2010,NA,TuiChub_RADseq_Plate11_K,NEBNext 20,GTGGCC,CGACACAC,11,9040077,1924427,0.194204,data/align/plate-11-GGCGACACACTGCAGG.sort.flt.bam,data/align/plate-11-GGCGACACACTGCAGG.sort.flt.bam,toikona,Owens River,87
0.00573927839951072,9.9999999e-10,0.07230923495715263,0.9219514846433366,9.9999999e-10,plate-11-GGCAACCACATGCAGG,C6,MUS22_03,OWEN_MULE_2022_003_K,Owens River,Mule Spring,toikona,NA,NA,2022,NA,TuiChub_RADseq_Plate11_K,NEBNext 20,GTGGCC,CAACCACA,11,2614644,548870,0.0553647,data/align/plate-11-GGCAACCACATGCAGG.sort.flt.bam,data/align/plate-11-GGCAACCACATGCAGG.sort.flt.bam,toikona,Owens River,88
9.9999999e-10,9.9999999e-10,0.00128424319545781,0.998715753804542,9.9999999e-10,plate-11-GGAGCCATGCTGCAGG,G6,MUS22_11,OWEN_MULE_2022_011_K,Owens River,Mule Spring,toikona,NA,NA,2022,NA,TuiChub_RADseq_Plate11_K,NEBNext 20,GTGGCC,AGCCATGC,11,4768952,873301,0.0769861,data/align/plate-11-GGAGCCATGCTGCAGG.sort.flt.bam,data/align/plate-11-GGAGCCATGCTGCAGG.sort.flt.bam,toikona,Owens River,89
9.9999999e-10,9.9999999e-10,0.03094307045404068,0.9690569265459592,9.9999999e-10,plate-11-GGCGGATTGCTGCAGG,H6,MUS22_12,OWEN_MULE_2022_012_K,Owens River,Mule Spring,toikona,NA,NA,2022,NA,TuiChub_RADseq_Plate11_K,NEBNext 20,GTGGCC,CGGATTGC,11,3530035,702033,0.0656299,data/align/plate-11-GGCGGATTGCTGCAGG.sort.flt.bam,data/align/plate-11-GGCGGATTGCTGCAGG.sort.flt.bam,toikona,Owens River,90
9.9999999e-10,9.9999999e-10,9.9999999e-10,0.9999999959999999,9.9999999e-10,plate-11-GGCAGATCTGTGCAGG,A7,MUS22_13,OWEN_MULE_2022_013_K,Owens River,Mule Spring,toikona,NA,NA,2022,NA,TuiChub_RADseq_Plate11_K,NEBNext 20,GTGGCC,CAGATCTG,11,7672285,1476436,0.149797,data/align/plate-11-GGCAGATCTGTGCAGG.sort.flt.bam,data/align/plate-11-GGCAGATCTGTGCAGG.sort.flt.bam,toikona,Owens River,91
9.9999999e-10,9.9999999e-10,0.00916442260550964,9.9999999e-10,0.9908355743944902,plate-11-GGCACTTCGATGCAGG,C9,NEP17_01,OWEN_NEPD_2017_001_K,Owens River,NE Pond (White Mountain Research Center),snyderi,NA,NA,2017,NA,TuiChub_RADseq_Plate11_K,NEBNext 20,GTGGCC,CACTTCGA,11,3398010,808518,0.0830329,data/align/plate-11-GGCACTTCGATGCAGG.sort.flt.bam,data/align/plate-11-GGCACTTCGATGCAGG.sort.flt.bam,snyderi,Owens River,92
9.9999999e-10,9.9999999e-10,9.9999999e-10,9.9999999e-10,0.999999996,plate-11-GGCTGGCATATGCAGG,D9,NEP17_02,OWEN_NEPD_2017_002_K,Owens River,NE Pond (White Mountain Research Center),snyderi,NA,NA,2017,NA,TuiChub_RADseq_Plate11_K,NEBNext 20,GTGGCC,CTGGCATA,11,23532263,4103397,0.418045,data/align/plate-11-GGCTGGCATATGCAGG.sort.flt.bam,data/downsample/plate-11-GGCTGGCATATGCAGG.reduced.bam,snyderi,Owens River,93
9.9999999e-10,9.9999999e-10,9.9999999e-10,9.9999999e-10,0.9999999959999999,plate-11-GGGTCGTAGATGCAGG,E9,NEP17_03,OWEN_NEPD_2017_003_K,Owens River,NE Pond (White Mountain Research Center),snyderi,NA,NA,2017,NA,TuiChub_RADseq_Plate11_K,NEBNext 20,GTGGCC,GTCGTAGA,11,5164958,1174528,0.118093,data/align/plate-11-GGGTCGTAGATGCAGG.sort.flt.bam,data/align/plate-11-GGGTCGTAGATGCAGG.sort.flt.bam,snyderi,Owens River,94
9.9999999e-10,9.9999999e-10,9.9999999e-10,9.9999999e-10,0.9999999959999999,plate-11-GGACACGAGATGCAGG,F9,NEP17_04,OWEN_NEPD_2017_004_K,Owens River,NE Pond (White Mountain Research Center),snyderi,NA,NA,2017,NA,TuiChub_RADseq_Plate11_K,NEBNext 20,GTGGCC,ACACGAGA,11,11098572,2256711,0.230516,data/align/plate-11-GGACACGAGATGCAGG.sort.flt.bam,data/downsample/plate-11-GGACACGAGATGCAGG.reduced.bam,snyderi,Owens River,95
9.9999999e-10,9.9999999e-10,9.9999999e-10,9.9999999e-10,0.999999996,plate-11-GGACGACAAGTGCAGG,G9,NEP17_05,OWEN_NEPD_2017_005_K,Owens River,NE Pond (White Mountain Research Center),snyderi,NA,NA,2017,NA,TuiChub_RADseq_Plate11_K,NEBNext 20,GTGGCC,ACGACAAG,11,7761187,1622556,0.165921,data/align/plate-11-GGACGACAAGTGCAGG.sort.flt.bam,data/align/plate-11-GGACGACAAGTGCAGG.sort.flt.bam,snyderi,Owens River,96
9.9999999e-10,9.9999999e-10,9.9999999e-10,9.9999999e-10,0.999999996,plate-11-GGGACAGTGCTGCAGG,H9,NEP17_06,OWEN_NEPD_2017_006_K,Owens River,NE Pond (White Mountain Research Center),snyderi,NA,NA,2017,NA,TuiChub_RADseq_Plate11_K,NEBNext 20,GTGGCC,GACAGTGC,11,10917586,2176186,0.222276,data/align/plate-11-GGGACAGTGCTGCAGG.sort.flt.bam,data/downsample/plate-11-GGGACAGTGCTGCAGG.reduced.bam,snyderi,Owens River,97
9.9999999e-10,9.9999999e-10,9.9999999e-10,9.9999999e-10,0.999999996,plate-11-GGAGTACAAGTGCAGG,A10,NEP17_07,OWEN_NEPD_2017_007_K,Owens River,NE Pond (White Mountain Research Center),snyderi,NA,NA,2017,NA,TuiChub_RADseq_Plate11_K,NEBNext 20,GTGGCC,AGTACAAG,11,9534697,1956011,0.199671,data/align/plate-11-GGAGTACAAGTGCAGG.sort.flt.bam,data/align/plate-11-GGAGTACAAGTGCAGG.sort.flt.bam,snyderi,Owens River,98
9.9999999e-10,9.9999999e-10,9.9999999e-10,9.9999999e-10,0.999999996,plate-11-GGACGTATCATGCAGG,B10,NEP17_08,OWEN_NEPD_2017_008_K,Owens River,NE Pond (White Mountain Research Center),snyderi,NA,NA,2017,NA,TuiChub_RADseq_Plate11_K,NEBNext 20,GTGGCC,ACGTATCA,11,9272949,1888463,0.193339,data/align/plate-11-GGACGTATCATGCAGG.sort.flt.bam,data/align/plate-11-GGACGTATCATGCAGG.sort.flt.bam,snyderi,Owens River,99
9.9999999e-10,9.9999999e-10,9.9999999e-10,9.9999999e-10,0.999999996,plate-11-GGCAGCGTTATGCAGG,C10,NEP17_09,OWEN_NEPD_2017_009_K,Owens River,NE Pond (White Mountain Research Center),snyderi,NA,NA,2017,NA,TuiChub_RADseq_Plate11_K,NEBNext 20,GTGGCC,CAGCGTTA,11,21412608,3876557,0.393697,data/align/plate-11-GGCAGCGTTATGCAGG.sort.flt.bam,data/downsample/plate-11-GGCAGCGTTATGCAGG.reduced.bam,snyderi,Owens River,100
9.9999999e-10,9.9999999e-10,9.9999999e-10,9.9999999e-10,0.9999999959999999,plate-11-GGGAATCTGATGCAGG,D10,NEP17_10,OWEN_NEPD_2017_010_K,Owens River,NE Pond (White Mountain Research Center),snyderi,NA,NA,2017,NA,TuiChub_RADseq_Plate11_K,NEBNext 20,GTGGCC,GAATCTGA,11,5130054,1154748,0.117827,data/align/plate-11-GGGAATCTGATGCAGG.sort.flt.bam,data/align/plate-11-GGGAATCTGATGCAGG.sort.flt.bam,snyderi,Owens River,101
9.9999999e-10,9.9999999e-10,9.9999999e-10,9.9999999e-10,0.9999999959999999,plate-11-GGGTCTGTCATGCAGG,E10,NEP17_11,OWEN_NEPD_2017_011_K,Owens River,NE Pond (White Mountain Research Center),snyderi,NA,NA,2017,NA,TuiChub_RADseq_Plate11_K,NEBNext 20,GTGGCC,GTCTGTCA,11,16433298,3041593,0.309907,data/align/plate-11-GGGTCTGTCATGCAGG.sort.flt.bam,data/downsample/plate-11-GGGTCTGTCATGCAGG.reduced.bam,snyderi,Owens River,102
9.9999999e-10,9.9999999e-10,9.9999999e-10,9.9999999e-10,0.9999999959999999,plate-11-GGAAGAGATCTGCAGG,F10,NEP17_12,OWEN_NEPD_2017_012_K,Owens River,NE Pond (White Mountain Research Center),snyderi,NA,NA,2017,NA,TuiChub_RADseq_Plate11_K,NEBNext 20,GTGGCC,AAGAGATC,11,11895677,2413311,0.247272,data/align/plate-11-GGAAGAGATCTGCAGG.sort.flt.bam,data/downsample/plate-11-GGAAGAGATCTGCAGG.reduced.bam,snyderi,Owens River,103
9.9999999e-10,9.9999999e-10,9.9999999e-10,9.9999999e-10,0.999999996,plate-11-GGATTGGCTCTGCAGG,G10,NEP17_13,OWEN_NEPD_2017_013_K,Owens River,NE Pond (White Mountain Research Center),snyderi,NA,NA,2017,NA,TuiChub_RADseq_Plate11_K,NEBNext 20,GTGGCC,ATTGGCTC,11,16948521,3238857,0.329836,data/align/plate-11-GGATTGGCTCTGCAGG.sort.flt.bam,data/downsample/plate-11-GGATTGGCTCTGCAGG.reduced.bam,snyderi,Owens River,104
9.9999999e-10,9.9999999e-10,9.9999999e-10,9.9999999e-10,0.9999999959999999,plate-11-GGGAGTTAGCTGCAGG,H10,NEP17_14,OWEN_NEPD_2017_014_K,Owens River,NE Pond (White Mountain Research Center),snyderi,NA,NA,2017,NA,TuiChub_RADseq_Plate11_K,NEBNext 20,GTGGCC,GAGTTAGC,11,7452834,1609458,0.164479,data/align/plate-11-GGGAGTTAGCTGCAGG.sort.flt.bam,data/align/plate-11-GGGAGTTAGCTGCAGG.sort.flt.bam,snyderi,Owens River,105
9.9999999e-10,9.9999999e-10,9.9999999e-10,9.9999999e-10,0.999999996,plate-11-GGCATCAAGTTGCAGG,A11,NEP17_15,OWEN_NEPD_2017_015_K,Owens River,NE Pond (White Mountain Research Center),snyderi,NA,NA,2017,NA,TuiChub_RADseq_Plate11_K,NEBNext 20,GTGGCC,CATCAAGT,11,23802761,4314362,0.437512,data/align/plate-11-GGCATCAAGTTGCAGG.sort.flt.bam,data/downsample/plate-11-GGCATCAAGTTGCAGG.reduced.bam,snyderi,Owens River,106
9.9999999e-10,9.9999999e-10,9.9999999e-10,9.9999999e-10,0.999999996,plate-11-GGACTATGCATGCAGG,B11,NEP17_16,OWEN_NEPD_2017_016_K,Owens River,NE Pond (White Mountain Research Center),snyderi,NA,NA,2017,NA,TuiChub_RADseq_Plate11_K,NEBNext 20,GTGGCC,ACTATGCA,11,5292033,1157751,0.118853,data/align/plate-11-GGACTATGCATGCAGG.sort.flt.bam,data/align/plate-11-GGACTATGCATGCAGG.sort.flt.bam,snyderi,Owens River,107
9.9999999e-10,9.9999999e-10,9.9999999e-10,9.9999999e-10,0.999999996,plate-11-GGCATACCAATGCAGG,C11,NEP17_17,OWEN_NEPD_2017_017_K,Owens River,NE Pond (White Mountain Research Center),snyderi,NA,NA,2017,NA,TuiChub_RADseq_Plate11_K,NEBNext 20,GTGGCC,CATACCAA,11,4385325,997548,0.102481,data/align/plate-11-GGCATACCAATGCAGG.sort.flt.bam,data/align/plate-11-GGCATACCAATGCAGG.sort.flt.bam,snyderi,Owens River,108
9.9999999e-10,9.9999999e-10,9.9999999e-10,9.9999999e-10,0.9999999959999999,plate-11-GGGACTAGTATGCAGG,D11,NEP17_18,OWEN_NEPD_2017_018_K,Owens River,NE Pond (White Mountain Research Center),snyderi,NA,NA,2017,NA,TuiChub_RADseq_Plate11_K,NEBNext 20,GTGGCC,GACTAGTA,11,9331221,1903791,0.19504,data/align/plate-11-GGGACTAGTATGCAGG.sort.flt.bam,data/align/plate-11-GGGACTAGTATGCAGG.sort.flt.bam,snyderi,Owens River,109
9.9999999e-10,9.9999999e-10,9.9999999e-10,9.9999999e-10,0.999999996,plate-11-GGGTGTTCTATGCAGG,E11,NEP17_19,OWEN_NEPD_2017_019_K,Owens River,NE Pond (White Mountain Research Center),snyderi,NA,NA,2017,NA,TuiChub_RADseq_Plate11_K,NEBNext 20,GTGGCC,GTGTTCTA,11,7481204,1617118,0.165474,data/align/plate-11-GGGTGTTCTATGCAGG.sort.flt.bam,data/align/plate-11-GGGTGTTCTATGCAGG.sort.flt.bam,snyderi,Owens River,110
9.9999999e-10,9.9999999e-10,9.9999999e-10,9.9999999e-10,0.9999999959999999,plate-11-GGAAGGACACTGCAGG,F11,NEP17_20,OWEN_NEPD_2017_020_K,Owens River,NE Pond (White Mountain Research Center),snyderi,NA,NA,2017,NA,TuiChub_RADseq_Plate11_K,NEBNext 20,GTGGCC,AAGGACAC,11,4235875,943156,0.0961622,data/align/plate-11-GGAAGGACACTGCAGG.sort.flt.bam,data/align/plate-11-GGAAGGACACTGCAGG.sort.flt.bam,snyderi,Owens River,111
9.9999999e-10,9.9999999e-10,9.9999999e-10,9.9999999e-10,0.999999996,plate-11-GGCAAGGAGCTGCAGG,G11,NEP17_21,OWEN_NEPD_2017_021_K,Owens River,NE Pond (White Mountain Research Center),snyderi,NA,NA,2017,NA,TuiChub_RADseq_Plate11_K,NEBNext 20,GTGGCC,CAAGGAGC,11,9979458,2066183,0.211367,data/align/plate-11-GGCAAGGAGCTGCAGG.sort.flt.bam,data/downsample/plate-11-GGCAAGGAGCTGCAGG.reduced.bam,snyderi,Owens River,112
9.9999999e-10,9.9999999e-10,9.9999999e-10,9.9999999e-10,0.999999996,plate-11-GGGATGAATCTGCAGG,H11,NEP17_22,OWEN_NEPD_2017_022_K,Owens River,NE Pond (White Mountain Research Center),snyderi,NA,NA,2017,NA,TuiChub_RADseq_Plate11_K,NEBNext 20,GTGGCC,GATGAATC,11,13333988,2604900,0.26535,data/align/plate-11-GGGATGAATCTGCAGG.sort.flt.bam,data/downsample/plate-11-GGGATGAATCTGCAGG.reduced.bam,snyderi,Owens River,113
9.9999999e-10,9.9999999e-10,9.9999999e-10,9.9999999e-10,0.9999999959999999,plate-11-GGAGTGGTCATGCAGG,A12,NEP17_23,OWEN_NEPD_2017_023_K,Owens River,NE Pond (White Mountain Research Center),snyderi,NA,NA,2017,NA,TuiChub_RADseq_Plate11_K,NEBNext 20,GTGGCC,AGTGGTCA,11,16438812,3173510,0.322586,data/align/plate-11-GGAGTGGTCATGCAGG.sort.flt.bam,data/downsample/plate-11-GGAGTGGTCATGCAGG.reduced.bam,snyderi,Owens River,114
9.9999999e-10,9.9999999e-10,9.9999999e-10,9.9999999e-10,0.999999996,plate-11-GGAGAGTCAATGCAGG,B12,NEP17_24,OWEN_NEPD_2017_024_K,Owens River,NE Pond (White Mountain Research Center),snyderi,NA,NA,2017,NA,TuiChub_RADseq_Plate11_K,NEBNext 20,GTGGCC,AGAGTCAA,11,10556220,2132434,0.217835,data/align/plate-11-GGAGAGTCAATGCAGG.sort.flt.bam,data/downsample/plate-11-GGAGAGTCAATGCAGG.reduced.bam,snyderi,Owens River,115
9.9999999e-10,9.9999999e-10,9.9999999e-10,9.9999999e-10,0.999999996,plate-11-GGCCAGTTCATGCAGG,C12,NEP17_25,OWEN_NEPD_2017_025_K,Owens River,NE Pond (White Mountain Research Center),snyderi,NA,NA,2017,NA,TuiChub_RADseq_Plate11_K,NEBNext 20,GTGGCC,CCAGTTCA,11,17643538,3285230,0.334063,data/align/plate-11-GGCCAGTTCATGCAGG.sort.flt.bam,data/downsample/plate-11-GGCCAGTTCATGCAGG.reduced.bam,snyderi,Owens River,116
9.9999999e-10,9.9999999e-10,9.9999999e-10,9.9999999e-10,0.9999999959999999,plate-12-GGCGACTGGATGCAGG,D5,SEP22_01,OWEN_SEPD_2022_001_L,Owens River,SE Pond (White Mountain Research Center),snyderi,NA,NA,2022,NA,TuiChub_RADseq_Plate12_L,NEBNext 21,GTTTCG,CGACTGGA,12,6481174,2655082,0.279537,data/align/plate-12-GGCGACTGGATGCAGG.sort.flt.bam,data/downsample/plate-12-GGCGACTGGATGCAGG.reduced.bam,snyderi,Owens River,117
9.9999999e-10,9.9999999e-10,9.9999999e-10,9.9999999e-10,0.999999996,plate-12-GGCGCATACATGCAGG,D6,SEP22_11,OWEN_SEPD_2022_011_L,Owens River,SE Pond (White Mountain Research Center),snyderi,NA,NA,2022,NA,TuiChub_RADseq_Plate12_L,NEBNext 21,GTTTCG,CGCATACA,12,4206859,1960769,0.199646,data/align/plate-12-GGCGCATACATGCAGG.sort.flt.bam,data/align/plate-12-GGCGCATACATGCAGG.sort.flt.bam,snyderi,Owens River,118
9.9999999e-10,9.9999999e-10,9.9999999e-10,9.9999999e-10,0.999999996,plate-12-GGTGGCTTCATGCAGG,F6,SWP22_13,OWEN_SWPD_2022_013_L,Owens River,SW Pond (White Mountain Research Center),snyderi,NA,NA,2022,NA,TuiChub_RADseq_Plate12_L,NEBNext 21,GTTTCG,TGGCTTCA,12,1721330,861451,0.0858906,data/align/plate-12-GGTGGCTTCATGCAGG.sort.flt.bam,data/align/plate-12-GGTGGCTTCATGCAGG.sort.flt.bam,snyderi,Owens River,119
9.9999999e-10,9.9999999e-10,9.9999999e-10,9.9999999e-10,0.9999999959999999,plate-12-GGCGGATTGCTGCAGG,H6,SWP22_15,OWEN_SWPD_2022_015_L,Owens River,SW Pond (White Mountain Research Center),snyderi,NA,NA,2022,NA,TuiChub_RADseq_Plate12_L,NEBNext 21,GTTTCG,CGGATTGC,12,4763362,2172052,0.222636,data/align/plate-12-GGCGGATTGCTGCAGG.sort.flt.bam,data/downsample/plate-12-GGCGGATTGCTGCAGG.reduced.bam,snyderi,Owens River,120
9.9999999e-10,9.9999999e-10,0.01529519450396201,9.9999999e-10,0.9847048024960379,plate-12-GGACAGCAGATGCAGG,B7,SWP22_17,OWEN_SWPD_2022_017_L,Owens River,SW Pond (White Mountain Research Center),snyderi,NA,NA,2022,NA,TuiChub_RADseq_Plate12_L,NEBNext 21,GTTTCG,ACAGCAGA,12,1729118,868101,0.0909318,data/align/plate-12-GGACAGCAGATGCAGG.sort.flt.bam,data/align/plate-12-GGACAGCAGATGCAGG.sort.flt.bam,snyderi,Owens River,121
9.9999999e-10,9.9999999e-10,9.9999999e-10,9.9999999e-10,0.999999996,plate-12-GGCAAGACTATGCAGG,C7,SWP22_19,OWEN_SWPD_2022_019_L,Owens River,SW Pond (White Mountain Research Center),snyderi,NA,NA,2022,NA,TuiChub_RADseq_Plate12_L,NEBNext 21,GTTTCG,CAAGACTA,12,6613191,2893706,0.295683,data/align/plate-12-GGCAAGACTATGCAGG.sort.flt.bam,data/downsample/plate-12-GGCAAGACTATGCAGG.reduced.bam,snyderi,Owens River,122
9.9999999e-10,9.9999999e-10,0.00525120777633029,0.9947487892236697,9.9999999e-10,plate-11-GGACAGCAGATGCAGG,B7,UMS22_01,OWEN_UPMU_2022_001_K,Owens River,Upper Mule Spring,toikona,NA,NA,2022,NA,TuiChub_RADseq_Plate11_K,NEBNext 20,GTGGCC,ACAGCAGA,11,5120257,996472,0.0986162,data/align/plate-11-GGACAGCAGATGCAGG.sort.flt.bam,data/align/plate-11-GGACAGCAGATGCAGG.sort.flt.bam,toikona,Owens River,123
0.49859509451823686,5.381679366126e-5,0.01649385441161321,0.04471384971891732,0.4401433845575712,plate-13-GGACGACAAGTGCAGG,G9,OGU01_111,OWEN_GORG_2001_111_M,Owens River,Upper Owens Gorge,snyderi,NA,NA,2001,NA,TuiChub_RADseq_Plate13_M,NEBNext 22,CGTACG,ACGACAAG,13,1123773,562723,0.0583519,data/align/plate-13-GGACGACAAGTGCAGG.sort.flt.bam,data/align/plate-13-GGACGACAAGTGCAGG.sort.flt.bam,snyderi,Owens River,124
0.5443918476027926,1.384711899e-8,0.00666933207603859,0.03078851425895872,0.41815029221509115,plate-13-GGGACAGTGCTGCAGG,H9,OGU01_118,OWEN_GORG_2001_118_M,Owens River,Upper Owens Gorge,snyderi,NA,NA,2001,NA,TuiChub_RADseq_Plate13_M,NEBNext 22,CGTACG,GACAGTGC,13,1961260,941418,0.0981708,data/align/plate-13-GGGACAGTGCTGCAGG.sort.flt.bam,data/align/plate-13-GGGACAGTGCTGCAGG.sort.flt.bam,snyderi,Owens River,125
0.06254930531008046,0.00682258432121981,0.01021660389562167,0.10147804455615944,0.8189334619169185,plate-12-GGACAAGCTATGCAGG,A1,OGU22_01,OWEN_GORG_2022_001_L,Owens River,Upper Owens Gorge,snyderi,NA,NA,2022,NA,TuiChub_RADseq_Plate12_L,NEBNext 21,GTTTCG,ACAAGCTA,12,1110296,576612,0.0582475,data/align/plate-12-GGACAAGCTATGCAGG.sort.flt.bam,data/align/plate-12-GGACAAGCTATGCAGG.sort.flt.bam,snyderi,Owens River,126
0.05308358771449735,0.01083509750624618,1.0217685235383e-4,0.11422409402905379,0.8217550438978488,plate-12-GGAGATCGCATGCAGG,C1,OGU22_03,OWEN_GORG_2022_003_L,Owens River,Upper Owens Gorge,snyderi,NA,NA,2022,NA,TuiChub_RADseq_Plate12_L,NEBNext 21,GTTTCG,AGATCGCA,12,1385877,745335,0.0793261,data/align/plate-12-GGAGATCGCATGCAGG.sort.flt.bam,data/align/plate-12-GGAGATCGCATGCAGG.sort.flt.bam,snyderi,Owens River,127
0.05539028901609885,0.00894864253412341,2.3253510407e-7,0.08214603128317972,0.8535148046314939,plate-12-GGCCGAAGTATGCAGG,D1,OGU22_04,OWEN_GORG_2022_004_L,Owens River,Upper Owens Gorge,snyderi,NA,NA,2022,NA,TuiChub_RADseq_Plate12_L,NEBNext 21,GTTTCG,CCGAAGTA,12,1888683,978527,0.103743,data/align/plate-12-GGCCGAAGTATGCAGG.sort.flt.bam,data/align/plate-12-GGCCGAAGTATGCAGG.sort.flt.bam,snyderi,Owens River,128
0.0229107647093953,2.69423162624e-6,1.7600209891499999e-06,0.0974533282055858,0.8796314528324034,plate-12-GGGATAGACATGCAGG,E1,OGU22_05,OWEN_GORG_2022_005_L,Owens River,Upper Owens Gorge,snyderi,NA,NA,2022,NA,TuiChub_RADseq_Plate12_L,NEBNext 21,GTTTCG,GATAGACA,12,3038224,1477126,0.157279,data/align/plate-12-GGGATAGACATGCAGG.sort.flt.bam,data/align/plate-12-GGGATAGACATGCAGG.sort.flt.bam,snyderi,Owens River,129
0.03767101787745811,1.901220550582e-5,2.23545553912e-6,0.08735459137090917,0.8749531430905878,plate-12-GGTATCAGCATGCAGG,F1,OGU22_06,OWEN_GORG_2022_006_L,Owens River,Upper Owens Gorge,snyderi,NA,NA,2022,NA,TuiChub_RADseq_Plate12_L,NEBNext 21,GTTTCG,TATCAGCA,12,928705,503436,0.0523175,data/align/plate-12-GGTATCAGCATGCAGG.sort.flt.bam,data/align/plate-12-GGTATCAGCATGCAGG.sort.flt.bam,snyderi,Owens River,130
0.02874460412398082,2.6780363973914e-4,0.00849938226246938,0.10612104481715648,0.8563671651566541,plate-12-GGCCATCCTCTGCAGG,H1,OGU22_08,OWEN_GORG_2022_008_L,Owens River,Upper Owens Gorge,snyderi,NA,NA,2022,NA,TuiChub_RADseq_Plate12_L,NEBNext 21,GTTTCG,CCATCCTC,12,1315513,708224,0.074974,data/align/plate-12-GGCCATCCTCTGCAGG.sort.flt.bam,data/align/plate-12-GGCCATCCTCTGCAGG.sort.flt.bam,snyderi,Owens River,131
0.06807341013123729,0.02266086926562802,9.38928804198e-6,0.10140927567563093,0.8078470556394618,plate-12-GGAAACATCGTGCAGG,A2,OGU22_09,OWEN_GORG_2022_009_L,Owens River,Upper Owens Gorge,snyderi,NA,NA,2022,NA,TuiChub_RADseq_Plate12_L,NEBNext 21,GTTTCG,AAACATCG,12,1010616,530446,0.0536132,data/align/plate-12-GGAAACATCGTGCAGG.sort.flt.bam,data/align/plate-12-GGAAACATCGTGCAGG.sort.flt.bam,snyderi,Owens River,132
0.07404736756943547,0.01161215213796763,2.21927431e-9,0.11813047419761302,0.7962100038757094,plate-12-GGAACCGAGATGCAGG,B2,OGU22_10,OWEN_GORG_2022_010_L,Owens River,Upper Owens Gorge,snyderi,NA,NA,2022,NA,TuiChub_RADseq_Plate12_L,NEBNext 21,GTTTCG,AACCGAGA,12,969915,518925,0.0538183,data/align/plate-12-GGAACCGAGATGCAGG.sort.flt.bam,data/align/plate-12-GGAACCGAGATGCAGG.sort.flt.bam,snyderi,Owens River,133
0.02881441568029194,0.01523093192669207,5.324412886506e-5,0.10309608303347909,0.8528053252306719,plate-12-GGAGCAGGAATGCAGG,C2,OGU22_11,OWEN_GORG_2022_011_L,Owens River,Upper Owens Gorge,snyderi,NA,NA,2022,NA,TuiChub_RADseq_Plate12_L,NEBNext 21,GTTTCG,AGCAGGAA,12,2123064,1064910,0.113233,data/align/plate-12-GGAGCAGGAATGCAGG.sort.flt.bam,data/align/plate-12-GGAGCAGGAATGCAGG.sort.flt.bam,snyderi,Owens River,134
0.00689142549755005,8.3503554635736e-4,0.01062271976537056,0.08880802633688153,0.8928427928538405,plate-12-GGCCGTGAGATGCAGG,D2,OGU22_12,OWEN_GORG_2022_012_L,Owens River,Upper Owens Gorge,snyderi,NA,NA,2022,NA,TuiChub_RADseq_Plate12_L,NEBNext 21,GTTTCG,CCGTGAGA,12,2355154,1172510,0.124725,data/align/plate-12-GGCCGTGAGATGCAGG.sort.flt.bam,data/align/plate-12-GGCCGTGAGATGCAGG.sort.flt.bam,snyderi,Owens River,135
0.00906216425633191,0.00413657475727617,0.00347253847531923,0.08099170439079587,0.9023370181202768,plate-12-GGGCCACATATGCAGG,E2,OGU22_13,OWEN_GORG_2022_013_L,Owens River,Upper Owens Gorge,snyderi,NA,NA,2022,NA,TuiChub_RADseq_Plate12_L,NEBNext 21,GTTTCG,GCCACATA,12,3232880,1555746,0.165428,data/align/plate-12-GGGCCACATATGCAGG.sort.flt.bam,data/align/plate-12-GGGCCACATATGCAGG.sort.flt.bam,snyderi,Owens River,136
