Ind,Well,GVL_Code,SampleName,Vicinity,Tributary/Collection Location,Species,Subspecies,Method,Year,Number,PlateName,PlateBarcodeName,PlateBarcodeSeq,Sample/Well Barcode (RAD Adaptor Seq),PlateNumber,Reads,Dedup,Coverage,Path,Path2,Taxon
plate-7-GGCTGAGCCATGCAGG,D8,NVAP22_1,SHEL_ANDY_2022_001_G,Sheldon Wildlife Refuge,Andy's Place,bicolor,eurysomas,NA,2022,NA,TuiChub_RADseq_Plate7_G,NEBNext 14,AGTTCC,CTGAGCCA,7,5582934,2512767,0.263564,data/align/plate-7-GGCTGAGCCATGCAGG.sort.flt.bam,data/downsample/plate-7-GGCTGAGCCATGCAGG.reduced.bam,bicolor
plate-7-GGGTACGCAATGCAGG,E8,NVAP22_2,SHEL_ANDY_2022_002_G,Sheldon Wildlife Refuge,Andy's Place,bicolor,eurysomas,NA,2022,NA,TuiChub_RADseq_Plate7_G,NEBNext 14,AGTTCC,GTACGCAA,7,11121342,4123031,0.43005,data/align/plate-7-GGGTACGCAATGCAGG.sort.flt.bam,data/downsample/plate-7-GGGTACGCAATGCAGG.reduced.bam,bicolor
plate-7-GGTTCACGCATGCAGG,F8,NVAP22_3,SHEL_ANDY_2022_003_G,Sheldon Wildlife Refuge,Andy's Place,bicolor,eurysomas,NA,2022,NA,TuiChub_RADseq_Plate7_G,NEBNext 14,AGTTCC,TTCACGCA,7,26530327,8108687,0.831904,data/align/plate-7-GGTTCACGCATGCAGG.sort.flt.bam,data/downsample/plate-7-GGTTCACGCATGCAGG.reduced.bam,bicolor
plate-7-GGATAGCGACTGCAGG,G8,NVAP22_4,SHEL_ANDY_2022_004_G,Sheldon Wildlife Refuge,Andy's Place,bicolor,eurysomas,NA,2022,NA,TuiChub_RADseq_Plate7_G,NEBNext 14,AGTTCC,ATAGCGAC,7,8100214,3464062,0.363784,data/align/plate-7-GGATAGCGACTGCAGG.sort.flt.bam,data/downsample/plate-7-GGATAGCGACTGCAGG.reduced.bam,bicolor
plate-9-GGTGAAGAGATGCAGG,F4,NVAP23_1,SHEL_ANDY_2023_001_I,Sheldon Wildlife Refuge,Andy's Place,bicolor,eurysomas,NA,2023,NA,TuiChub_RADseq_Plate9_I,NEBNext 16,CCGTCC,TGAAGAGA,9,8932312,2348208,0.245847,data/align/plate-9-GGTGAAGAGATGCAGG.sort.flt.bam,data/downsample/plate-9-GGTGAAGAGATGCAGG.reduced.bam,bicolor
plate-9-GGAGATGTACTGCAGG,G4,NVAP23_2,SHEL_ANDY_2023_002_I,Sheldon Wildlife Refuge,Andy's Place,bicolor,eurysomas,NA,2023,NA,TuiChub_RADseq_Plate9_I,NEBNext 16,CCGTCC,AGATGTAC,9,1755127,526396,0.0552968,data/align/plate-9-GGAGATGTACTGCAGG.sort.flt.bam,data/align/plate-9-GGAGATGTACTGCAGG.sort.flt.bam,bicolor
plate-9-GGCCTCTATCTGCAGG,H4,NVAP23_3,SHEL_ANDY_2023_003_I,Sheldon Wildlife Refuge,Andy's Place,bicolor,eurysomas,NA,2023,NA,TuiChub_RADseq_Plate9_I,NEBNext 16,CCGTCC,CCTCTATC,9,6389086,1734345,0.1816,data/align/plate-9-GGCCTCTATCTGCAGG.sort.flt.bam,data/align/plate-9-GGCCTCTATCTGCAGG.sort.flt.bam,bicolor
plate-9-GGAACGTGATTGCAGG,A5,NVAP23_4,SHEL_ANDY_2023_004_I,Sheldon Wildlife Refuge,Andy's Place,bicolor,eurysomas,NA,2023,NA,TuiChub_RADseq_Plate9_I,NEBNext 16,CCGTCC,AACGTGAT,9,10547787,2667873,0.279056,data/align/plate-9-GGAACGTGATTGCAGG.sort.flt.bam,data/downsample/plate-9-GGAACGTGATTGCAGG.reduced.bam,bicolor
plate-9-GGAAGGTACATGCAGG,B5,NVAP23_5,SHEL_ANDY_2023_005_I,Sheldon Wildlife Refuge,Andy's Place,bicolor,eurysomas,NA,2023,NA,TuiChub_RADseq_Plate9_I,NEBNext 16,CCGTCC,AAGGTACA,9,7234755,1917883,0.200858,data/align/plate-9-GGAAGGTACATGCAGG.sort.flt.bam,data/align/plate-9-GGAAGGTACATGCAGG.sort.flt.bam,bicolor
plate-9-GGATTGAGGATGCAGG,C5,NVAP23_6,SHEL_ANDY_2023_006_I,Sheldon Wildlife Refuge,Andy's Place,bicolor,eurysomas,NA,2023,NA,TuiChub_RADseq_Plate9_I,NEBNext 16,CCGTCC,ATTGAGGA,9,14926810,3571530,0.372603,data/align/plate-9-GGATTGAGGATGCAGG.sort.flt.bam,data/downsample/plate-9-GGATTGAGGATGCAGG.reduced.bam,bicolor
plate-9-GGCGACTGGATGCAGG,D5,NVAP23_7,SHEL_ANDY_2023_007_I,Sheldon Wildlife Refuge,Andy's Place,bicolor,eurysomas,NA,2023,NA,TuiChub_RADseq_Plate9_I,NEBNext 16,CCGTCC,CGACTGGA,9,7596200,1978153,0.20707,data/align/plate-9-GGCGACTGGATGCAGG.sort.flt.bam,data/align/plate-9-GGCGACTGGATGCAGG.sort.flt.bam,bicolor
plate-9-GGGCTCGGTATGCAGG,E5,NVAP23_8,SHEL_ANDY_2023_008_I,Sheldon Wildlife Refuge,Andy's Place,bicolor,eurysomas,NA,2023,NA,TuiChub_RADseq_Plate9_I,NEBNext 16,CCGTCC,GCTCGGTA,9,7823810,2018373,0.211315,data/align/plate-9-GGGCTCGGTATGCAGG.sort.flt.bam,data/downsample/plate-9-GGGCTCGGTATGCAGG.reduced.bam,bicolor
plate-9-GGTGGAACAATGCAGG,F5,NVAP23_9,SHEL_ANDY_2023_009_I,Sheldon Wildlife Refuge,Andy's Place,bicolor,eurysomas,NA,2023,NA,TuiChub_RADseq_Plate9_I,NEBNext 16,CCGTCC,TGGAACAA,9,6170692,1668333,0.174577,data/align/plate-9-GGTGGAACAATGCAGG.sort.flt.bam,data/align/plate-9-GGTGGAACAATGCAGG.sort.flt.bam,bicolor
plate-9-GGAGCACCTCTGCAGG,G5,NVAP23_10,SHEL_ANDY_2023_010_I,Sheldon Wildlife Refuge,Andy's Place,bicolor,eurysomas,NA,2023,NA,TuiChub_RADseq_Plate9_I,NEBNext 16,CCGTCC,AGCACCTC,9,6820249,1793692,0.188079,data/align/plate-9-GGAGCACCTCTGCAGG.sort.flt.bam,data/align/plate-9-GGAGCACCTCTGCAGG.sort.flt.bam,bicolor
plate-9-GGCGACACACTGCAGG,H5,NVAP23_11,SHEL_ANDY_2023_011_I,Sheldon Wildlife Refuge,Andy's Place,bicolor,eurysomas,NA,2023,NA,TuiChub_RADseq_Plate9_I,NEBNext 16,CCGTCC,CGACACAC,9,10066971,2494112,0.259958,data/align/plate-9-GGCGACACACTGCAGG.sort.flt.bam,data/downsample/plate-9-GGCGACACACTGCAGG.reduced.bam,bicolor
plate-9-GGCGCTGATCTGCAGG,A6,NVAP23_12,SHEL_ANDY_2023_012_I,Sheldon Wildlife Refuge,Andy's Place,bicolor,eurysomas,NA,2023,NA,TuiChub_RADseq_Plate9_I,NEBNext 16,CCGTCC,CGCTGATC,9,6055261,1628374,0.170555,data/align/plate-9-GGCGCTGATCTGCAGG.sort.flt.bam,data/align/plate-9-GGCGCTGATCTGCAGG.sort.flt.bam,bicolor
plate-13-GGAAGGACACTGCAGG,F11,OHC11_01,FALL_HNEY_2011_001_M,Valley Falls,Honey Creek,thalassinus,NA,NA,2011,NA,TuiChub_RADseq_Plate13_M,NEBNext 22,CGTACG,AAGGACAC,13,4852793,2200205,0.223744,data/align/plate-13-GGAAGGACACTGCAGG.sort.flt.bam,data/downsample/plate-13-GGAAGGACACTGCAGG.reduced.bam,thalassinus
plate-13-GGCAAGGAGCTGCAGG,G11,OHC11_02,FALL_HNEY_2011_002_M,Valley Falls,Honey Creek,thalassinus,NA,NA,2011,NA,TuiChub_RADseq_Plate13_M,NEBNext 22,CGTACG,CAAGGAGC,13,542941,313381,0.0318893,data/align/plate-13-GGCAAGGAGCTGCAGG.sort.flt.bam,data/align/plate-13-GGCAAGGAGCTGCAGG.sort.flt.bam,thalassinus
plate-13-GGGATGAATCTGCAGG,H11,OHC11_03,FALL_HNEY_2011_003_M,Valley Falls,Honey Creek,thalassinus,NA,NA,2011,NA,TuiChub_RADseq_Plate13_M,NEBNext 22,CGTACG,GATGAATC,13,4212471,1930228,0.191008,data/align/plate-13-GGGATGAATCTGCAGG.sort.flt.bam,data/align/plate-13-GGGATGAATCTGCAGG.sort.flt.bam,thalassinus
plate-13-GGAGTGGTCATGCAGG,A12,OHC11_04,FALL_HNEY_2011_004_M,Valley Falls,Honey Creek,thalassinus,NA,NA,2011,NA,TuiChub_RADseq_Plate13_M,NEBNext 22,CGTACG,AGTGGTCA,13,1915663,953069,0.0962635,data/align/plate-13-GGAGTGGTCATGCAGG.sort.flt.bam,data/align/plate-13-GGAGTGGTCATGCAGG.sort.flt.bam,thalassinus
plate-13-GGAGAGTCAATGCAGG,B12,OHC11_05,FALL_HNEY_2011_005_M,Valley Falls,Honey Creek,thalassinus,NA,NA,2011,NA,TuiChub_RADseq_Plate13_M,NEBNext 22,CGTACG,AGAGTCAA,13,8562379,3386509,0.350559,data/align/plate-13-GGAGAGTCAATGCAGG.sort.flt.bam,data/downsample/plate-13-GGAGAGTCAATGCAGG.reduced.bam,thalassinus
plate-13-GGCCAGTTCATGCAGG,C12,OHC11_06,FALL_HNEY_2011_006_M,Valley Falls,Honey Creek,thalassinus,NA,NA,2011,NA,TuiChub_RADseq_Plate13_M,NEBNext 22,CGTACG,CCAGTTCA,13,928808,496276,0.0485209,data/align/plate-13-GGCCAGTTCATGCAGG.sort.flt.bam,data/align/plate-13-GGCCAGTTCATGCAGG.sort.flt.bam,thalassinus
plate-14-GGAACAACCATGCAGG,B1,OHC11_08,FALL_HNEY_2011_008_N,Valley Falls,Honey Creek,thalassinus,NA,NA,2011,NA,TuiChub_RADseq_Plate14_N,NEBNext 23,GAGTGG,AACAACCA,14,8619682,3056109,0.29829,data/align/plate-14-GGAACAACCATGCAGG.sort.flt.bam,data/downsample/plate-14-GGAACAACCATGCAGG.reduced.bam,thalassinus
plate-14-GGCCGAAGTATGCAGG,D1,OHC11_10,FALL_HNEY_2011_010_N,Valley Falls,Honey Creek,thalassinus,NA,NA,2011,NA,TuiChub_RADseq_Plate14_N,NEBNext 23,GAGTGG,CCGAAGTA,14,9629593,3241170,0.314976,data/align/plate-14-GGCCGAAGTATGCAGG.sort.flt.bam,data/downsample/plate-14-GGCCGAAGTATGCAGG.reduced.bam,thalassinus
plate-14-GGGATAGACATGCAGG,E1,OHC11_11,FALL_HNEY_2011_011_N,Valley Falls,Honey Creek,thalassinus,NA,NA,2011,NA,TuiChub_RADseq_Plate14_N,NEBNext 23,GAGTGG,GATAGACA,14,2790224,1153005,0.112527,data/align/plate-14-GGGATAGACATGCAGG.sort.flt.bam,data/align/plate-14-GGGATAGACATGCAGG.sort.flt.bam,thalassinus
plate-14-GGAATGTTGCTGCAGG,G1,OHC11_13,FALL_HNEY_2011_013_N,Valley Falls,Honey Creek,thalassinus,NA,NA,2011,NA,TuiChub_RADseq_Plate14_N,NEBNext 23,GAGTGG,AATGTTGC,14,3097774,1285771,0.116994,data/align/plate-14-GGAATGTTGCTGCAGG.sort.flt.bam,data/align/plate-14-GGAATGTTGCTGCAGG.sort.flt.bam,thalassinus
plate-14-GGCCATCCTCTGCAGG,H1,OHC11_14,FALL_HNEY_2011_014_N,Valley Falls,Honey Creek,thalassinus,NA,NA,2011,NA,TuiChub_RADseq_Plate14_N,NEBNext 23,GAGTGG,CCATCCTC,14,717888,332069,0.0319992,data/align/plate-14-GGCCATCCTCTGCAGG.sort.flt.bam,data/align/plate-14-GGCCATCCTCTGCAGG.sort.flt.bam,thalassinus
plate-14-GGAAACATCGTGCAGG,A2,OHC11_15,FALL_HNEY_2011_015_N,Valley Falls,Honey Creek,thalassinus,NA,NA,2011,NA,TuiChub_RADseq_Plate14_N,NEBNext 23,GAGTGG,AAACATCG,14,3195591,1313030,0.123322,data/align/plate-14-GGAAACATCGTGCAGG.sort.flt.bam,data/align/plate-14-GGAAACATCGTGCAGG.sort.flt.bam,thalassinus
plate-14-GGCCTCCTGATGCAGG,D3,GLK03_11,GOOS_WILL_2003_011_N,Goose Lake,Willow Creek Mouth,thalassinus,NA,NA,2003,NA,TuiChub_RADseq_Plate14_N,NEBNext 23,GAGTGG,CCTCCTGA,14,404763,206097,0.0207679,data/align/plate-14-GGCCTCCTGATGCAGG.sort.flt.bam,data/align/plate-14-GGCCTCCTGATGCAGG.sort.flt.bam,thalassinus
plate-14-GGTCTTCACATGCAGG,F3,GLK03_14,GOOS_WILL_2003_014_N,Goose Lake,Willow Creek Mouth,thalassinus,NA,NA,2003,NA,TuiChub_RADseq_Plate14_N,NEBNext 23,GAGTGG,TCTTCACA,14,1361661,617798,0.0620498,data/align/plate-14-GGTCTTCACATGCAGG.sort.flt.bam,data/align/plate-14-GGTCTTCACATGCAGG.sort.flt.bam,thalassinus
plate-14-GGACCACTGTTGCAGG,A4,GLK03_19,GOOS_WILL_2003_019_N,Goose Lake,Willow Creek Mouth,thalassinus,NA,NA,2003,NA,TuiChub_RADseq_Plate14_N,NEBNext 23,GAGTGG,ACCACTGT,14,425324,213349,0.0214327,data/align/plate-14-GGACCACTGTTGCAGG.sort.flt.bam,data/align/plate-14-GGACCACTGTTGCAGG.sort.flt.bam,thalassinus
plate-14-GGTGGAACAATGCAGG,F5,CHS23_01,MDOC_COWS_2023_001_N,Modoc County,Cowhead Slough,thalassinus,vaccaceps,NA,2023,NA,TuiChub_RADseq_Plate14_N,NEBNext 23,GAGTGG,TGGAACAA,14,20119336,5810913,0.533828,data/align/plate-14-GGTGGAACAATGCAGG.sort.flt.bam,data/downsample/plate-14-GGTGGAACAATGCAGG.reduced.bam,thalassinus
plate-14-GGAGCACCTCTGCAGG,G5,CHS23_02,MDOC_COWS_2023_002_N,Modoc County,Cowhead Slough,thalassinus,vaccaceps,NA,2023,NA,TuiChub_RADseq_Plate14_N,NEBNext 23,GAGTGG,AGCACCTC,14,27859855,6839557,0.651945,data/align/plate-14-GGAGCACCTCTGCAGG.sort.flt.bam,data/downsample/plate-14-GGAGCACCTCTGCAGG.reduced.bam,thalassinus
plate-14-GGCGACACACTGCAGG,H5,CHS23_03,MDOC_COWS_2023_003_N,Modoc County,Cowhead Slough,thalassinus,vaccaceps,NA,2023,NA,TuiChub_RADseq_Plate14_N,NEBNext 23,GAGTGG,CGACACAC,14,947814,392622,0.0294818,data/align/plate-14-GGCGACACACTGCAGG.sort.flt.bam,data/align/plate-14-GGCGACACACTGCAGG.sort.flt.bam,thalassinus
plate-14-GGCGCTGATCTGCAGG,A6,CHS23_04,MDOC_COWS_2023_004_N,Modoc County,Cowhead Slough,thalassinus,vaccaceps,NA,2023,NA,TuiChub_RADseq_Plate14_N,NEBNext 23,GAGTGG,CGCTGATC,14,7451328,2672745,0.207749,data/align/plate-14-GGCGCTGATCTGCAGG.sort.flt.bam,data/downsample/plate-14-GGCGCTGATCTGCAGG.reduced.bam,thalassinus
plate-14-GGACACAGAATGCAGG,B6,CHS23_05,MDOC_COWS_2023_005_N,Modoc County,Cowhead Slough,thalassinus,vaccaceps,NA,2023,NA,TuiChub_RADseq_Plate14_N,NEBNext 23,GAGTGG,ACACAGAA,14,19420067,5440182,0.503196,data/align/plate-14-GGACACAGAATGCAGG.sort.flt.bam,data/downsample/plate-14-GGACACAGAATGCAGG.reduced.bam,thalassinus
plate-14-GGCAACCACATGCAGG,C6,CHS23_06,MDOC_COWS_2023_006_N,Modoc County,Cowhead Slough,thalassinus,vaccaceps,NA,2023,NA,TuiChub_RADseq_Plate14_N,NEBNext 23,GAGTGG,CAACCACA,14,8080118,2855442,0.233432,data/align/plate-14-GGCAACCACATGCAGG.sort.flt.bam,data/downsample/plate-14-GGCAACCACATGCAGG.reduced.bam,thalassinus
plate-14-GGCGCATACATGCAGG,D6,CHS23_07,MDOC_COWS_2023_007_N,Modoc County,Cowhead Slough,thalassinus,vaccaceps,NA,2023,NA,TuiChub_RADseq_Plate14_N,NEBNext 23,GAGTGG,CGCATACA,14,2701654,1024893,0.0861436,data/align/plate-14-GGCGCATACATGCAGG.sort.flt.bam,data/align/plate-14-GGCGCATACATGCAGG.sort.flt.bam,thalassinus
plate-14-GGGGAGAACATGCAGG,E6,CHS23_08,MDOC_COWS_2023_008_N,Modoc County,Cowhead Slough,thalassinus,vaccaceps,NA,2023,NA,TuiChub_RADseq_Plate14_N,NEBNext 23,GAGTGG,GGAGAACA,14,2173241,855939,0.0704665,data/align/plate-14-GGGGAGAACATGCAGG.sort.flt.bam,data/align/plate-14-GGGGAGAACATGCAGG.sort.flt.bam,thalassinus
plate-14-GGTGGCTTCATGCAGG,F6,CHS23_09,MDOC_COWS_2023_009_N,Modoc County,Cowhead Slough,thalassinus,vaccaceps,NA,2023,NA,TuiChub_RADseq_Plate14_N,NEBNext 23,GAGTGG,TGGCTTCA,14,3452022,1299772,0.105504,data/align/plate-14-GGTGGCTTCATGCAGG.sort.flt.bam,data/align/plate-14-GGTGGCTTCATGCAGG.sort.flt.bam,thalassinus
plate-14-GGAGCCATGCTGCAGG,G6,CHS23_10,MDOC_COWS_2023_010_N,Modoc County,Cowhead Slough,thalassinus,vaccaceps,NA,2023,NA,TuiChub_RADseq_Plate14_N,NEBNext 23,GAGTGG,AGCCATGC,14,1673780,675525,0.0581272,data/align/plate-14-GGAGCCATGCTGCAGG.sort.flt.bam,data/align/plate-14-GGAGCCATGCTGCAGG.sort.flt.bam,thalassinus
plate-14-GGCGGATTGCTGCAGG,H6,CHS23_11,MDOC_COWS_2023_011_N,Modoc County,Cowhead Slough,thalassinus,vaccaceps,NA,2023,NA,TuiChub_RADseq_Plate14_N,NEBNext 23,GAGTGG,CGGATTGC,14,15005152,4212808,0.417574,data/align/plate-14-GGCGGATTGCTGCAGG.sort.flt.bam,data/downsample/plate-14-GGCGGATTGCTGCAGG.reduced.bam,thalassinus
plate-14-GGCAGATCTGTGCAGG,A7,CHS23_12,MDOC_COWS_2023_012_N,Modoc County,Cowhead Slough,thalassinus,vaccaceps,NA,2023,NA,TuiChub_RADseq_Plate14_N,NEBNext 23,GAGTGG,CAGATCTG,14,3205957,1203328,0.112444,data/align/plate-14-GGCAGATCTGTGCAGG.sort.flt.bam,data/align/plate-14-GGCAGATCTGTGCAGG.sort.flt.bam,thalassinus
plate-14-GGACAGCAGATGCAGG,B7,CHS23_13,MDOC_COWS_2023_013_N,Modoc County,Cowhead Slough,thalassinus,vaccaceps,NA,2023,NA,TuiChub_RADseq_Plate14_N,NEBNext 23,GAGTGG,ACAGCAGA,14,1022680,424225,0.0387894,data/align/plate-14-GGACAGCAGATGCAGG.sort.flt.bam,data/align/plate-14-GGACAGCAGATGCAGG.sort.flt.bam,thalassinus
plate-14-GGCAAGACTATGCAGG,C7,CHS23_14,MDOC_COWS_2023_014_N,Modoc County,Cowhead Slough,thalassinus,vaccaceps,NA,2023,NA,TuiChub_RADseq_Plate14_N,NEBNext 23,GAGTGG,CAAGACTA,14,1444448,592635,0.0557563,data/align/plate-14-GGCAAGACTATGCAGG.sort.flt.bam,data/align/plate-14-GGCAAGACTATGCAGG.sort.flt.bam,thalassinus
plate-14-GGCTCAATGATGCAGG,D7,CHS23_15,MDOC_COWS_2023_015_N,Modoc County,Cowhead Slough,thalassinus,vaccaceps,NA,2023,NA,TuiChub_RADseq_Plate14_N,NEBNext 23,GAGTGG,CTCAATGA,14,4717747,1737096,0.155918,data/align/plate-14-GGCTCAATGATGCAGG.sort.flt.bam,data/align/plate-14-GGCTCAATGATGCAGG.sort.flt.bam,thalassinus
plate-14-GGGGTGCGAATGCAGG,E7,CHS23_16,MDOC_COWS_2023_016_N,Modoc County,Cowhead Slough,thalassinus,vaccaceps,NA,2023,NA,TuiChub_RADseq_Plate14_N,NEBNext 23,GAGTGG,GGTGCGAA,14,11303063,3073145,0.310301,data/align/plate-14-GGGGTGCGAATGCAGG.sort.flt.bam,data/downsample/plate-14-GGGGTGCGAATGCAGG.reduced.bam,thalassinus
plate-14-GGTGGTGGTATGCAGG,F7,CHS23_17,MDOC_COWS_2023_017_N,Modoc County,Cowhead Slough,thalassinus,vaccaceps,NA,2023,NA,TuiChub_RADseq_Plate14_N,NEBNext 23,GAGTGG,TGGTGGTA,14,1216842,491260,0.0470913,data/align/plate-14-GGTGGTGGTATGCAGG.sort.flt.bam,data/align/plate-14-GGTGGTGGTATGCAGG.sort.flt.bam,thalassinus
plate-14-GGAGGCTAACTGCAGG,G7,CHS23_18,MDOC_COWS_2023_018_N,Modoc County,Cowhead Slough,thalassinus,vaccaceps,NA,2023,NA,TuiChub_RADseq_Plate14_N,NEBNext 23,GAGTGG,AGGCTAAC,14,953211,396038,0.0361088,data/align/plate-14-GGAGGCTAACTGCAGG.sort.flt.bam,data/align/plate-14-GGAGGCTAACTGCAGG.sort.flt.bam,thalassinus
plate-14-GGCTAAGGTCTGCAGG,H7,CHS23_19,MDOC_COWS_2023_019_N,Modoc County,Cowhead Slough,thalassinus,vaccaceps,NA,2023,NA,TuiChub_RADseq_Plate14_N,NEBNext 23,GAGTGG,CTAAGGTC,14,13874729,4127371,0.405098,data/align/plate-14-GGCTAAGGTCTGCAGG.sort.flt.bam,data/downsample/plate-14-GGCTAAGGTCTGCAGG.reduced.bam,thalassinus
plate-14-GGATGCCTAATGCAGG,A8,CHS23_20,MDOC_COWS_2023_020_N,Modoc County,Cowhead Slough,thalassinus,vaccaceps,NA,2023,NA,TuiChub_RADseq_Plate14_N,NEBNext 23,GAGTGG,ATGCCTAA,14,1916869,774692,0.0701775,data/align/plate-14-GGATGCCTAATGCAGG.sort.flt.bam,data/align/plate-14-GGATGCCTAATGCAGG.sort.flt.bam,thalassinus
plate-14-GGACCTCCAATGCAGG,B8,TMS04_01,WARN_TWMS_2004_001_N,Warner Spring,Twenty Mile Slough,thalassinus,NA,NA,2004,NA,TuiChub_RADseq_Plate14_N,NEBNext 23,GAGTGG,ACCTCCAA,14,595270,251548,0.0254713,data/align/plate-14-GGACCTCCAATGCAGG.sort.flt.bam,data/align/plate-14-GGACCTCCAATGCAGG.sort.flt.bam,thalassinus
plate-14-GGCAATGGAATGCAGG,C8,TMS04_03,WARN_TWMS_2004_003_N,Warner Spring,Twenty Mile Slough,thalassinus,NA,NA,2004,NA,TuiChub_RADseq_Plate14_N,NEBNext 23,GAGTGG,CAATGGAA,14,754044,312218,0.0318596,data/align/plate-14-GGCAATGGAATGCAGG.sort.flt.bam,data/align/plate-14-GGCAATGGAATGCAGG.sort.flt.bam,thalassinus
plate-14-GGCTGAGCCATGCAGG,D8,TMS04_04,WARN_TWMS_2004_004_N,Warner Spring,Twenty Mile Slough,thalassinus,NA,NA,2004,NA,TuiChub_RADseq_Plate14_N,NEBNext 23,GAGTGG,CTGAGCCA,14,2635894,956058,0.0975098,data/align/plate-14-GGCTGAGCCATGCAGG.sort.flt.bam,data/align/plate-14-GGCTGAGCCATGCAGG.sort.flt.bam,thalassinus
plate-14-GGGTACGCAATGCAGG,E8,TMS04_05,WARN_TWMS_2004_005_N,Warner Spring,Twenty Mile Slough,thalassinus,NA,NA,2004,NA,TuiChub_RADseq_Plate14_N,NEBNext 23,GAGTGG,GTACGCAA,14,4134769,1439984,0.148219,data/align/plate-14-GGGTACGCAATGCAGG.sort.flt.bam,data/align/plate-14-GGGTACGCAATGCAGG.sort.flt.bam,thalassinus
plate-14-GGTTCACGCATGCAGG,F8,TMS04_06,WARN_TWMS_2004_006_N,Warner Spring,Twenty Mile Slough,thalassinus,NA,NA,2004,NA,TuiChub_RADseq_Plate14_N,NEBNext 23,GAGTGG,TTCACGCA,14,523592,236938,0.0238205,data/align/plate-14-GGTTCACGCATGCAGG.sort.flt.bam,data/align/plate-14-GGTTCACGCATGCAGG.sort.flt.bam,thalassinus
plate-14-GGATAGCGACTGCAGG,G8,TMS04_07,WARN_TWMS_2004_007_N,Warner Spring,Twenty Mile Slough,thalassinus,NA,NA,2004,NA,TuiChub_RADseq_Plate14_N,NEBNext 23,GAGTGG,ATAGCGAC,14,533580,237299,0.0236431,data/align/plate-14-GGATAGCGACTGCAGG.sort.flt.bam,data/align/plate-14-GGATAGCGACTGCAGG.sort.flt.bam,thalassinus
plate-14-GGGAACAGGCTGCAGG,H8,TMS04_08,WARN_TWMS_2004_008_N,Warner Spring,Twenty Mile Slough,thalassinus,NA,NA,2004,NA,TuiChub_RADseq_Plate14_N,NEBNext 23,GAGTGG,GAACAGGC,14,6078975,2024197,0.207723,data/align/plate-14-GGGAACAGGCTGCAGG.sort.flt.bam,data/downsample/plate-14-GGGAACAGGCTGCAGG.reduced.bam,thalassinus
plate-14-GGAACGAACGTGCAGG,A9,TMS04_11,WARN_TWMS_2004_011_N,Warner Spring,Twenty Mile Slough,thalassinus,NA,NA,2004,NA,TuiChub_RADseq_Plate14_N,NEBNext 23,GAGTGG,AACGAACG,14,3341264,1201174,0.123073,data/align/plate-14-GGAACGAACGTGCAGG.sort.flt.bam,data/align/plate-14-GGAACGAACGTGCAGG.sort.flt.bam,thalassinus
plate-14-GGCACTTCGATGCAGG,C9,TMS04_15,WARN_TWMS_2004_015_N,Warner Spring,Twenty Mile Slough,thalassinus,NA,NA,2004,NA,TuiChub_RADseq_Plate14_N,NEBNext 23,GAGTGG,CACTTCGA,14,1961663,740540,0.0767729,data/align/plate-14-GGCACTTCGATGCAGG.sort.flt.bam,data/align/plate-14-GGCACTTCGATGCAGG.sort.flt.bam,thalassinus
plate-14-GGCTGGCATATGCAGG,D9,TMS04_16,WARN_TWMS_2004_016_N,Warner Spring,Twenty Mile Slough,thalassinus,NA,NA,2004,NA,TuiChub_RADseq_Plate14_N,NEBNext 23,GAGTGG,CTGGCATA,14,909752,360959,0.0374351,data/align/plate-14-GGCTGGCATATGCAGG.sort.flt.bam,data/align/plate-14-GGCTGGCATATGCAGG.sort.flt.bam,thalassinus
plate-14-GGACACGAGATGCAGG,F9,TMS04_19,WARN_TWMS_2004_019_N,Warner Spring,Twenty Mile Slough,thalassinus,NA,NA,2004,NA,TuiChub_RADseq_Plate14_N,NEBNext 23,GAGTGG,ACACGAGA,14,2436749,897211,0.0923774,data/align/plate-14-GGACACGAGATGCAGG.sort.flt.bam,data/align/plate-14-GGACACGAGATGCAGG.sort.flt.bam,thalassinus
plate-14-GGGACAGTGCTGCAGG,H9,TMS04_23,WARN_TWMS_2004_023_N,Warner Spring,Twenty Mile Slough,thalassinus,NA,NA,2004,NA,TuiChub_RADseq_Plate14_N,NEBNext 23,GAGTGG,GACAGTGC,14,1477279,588942,0.0565776,data/align/plate-14-GGGACAGTGCTGCAGG.sort.flt.bam,data/align/plate-14-GGGACAGTGCTGCAGG.sort.flt.bam,thalassinus
plate-14-GGAGTACAAGTGCAGG,A10,TMS04_24,WARN_TWMS_2004_024_N,Warner Spring,Twenty Mile Slough,thalassinus,NA,NA,2004,NA,TuiChub_RADseq_Plate14_N,NEBNext 23,GAGTGG,AGTACAAG,14,741936,317786,0.0317217,data/align/plate-14-GGAGTACAAGTGCAGG.sort.flt.bam,data/align/plate-14-GGAGTACAAGTGCAGG.sort.flt.bam,thalassinus
plate-14-GGACGTATCATGCAGG,B10,BSR05_02,PITR_SAGE_2005_002_N,Pit River,Big Sage Reservoir,thalassinus,NA,NA,2005,NA,TuiChub_RADseq_Plate14_N,NEBNext 23,GAGTGG,ACGTATCA,14,11878236,3506844,0.358927,data/align/plate-14-GGACGTATCATGCAGG.sort.flt.bam,data/downsample/plate-14-GGACGTATCATGCAGG.reduced.bam,thalassinus
plate-14-GGCAGCGTTATGCAGG,C10,BSR05_03,PITR_SAGE_2005_003_N,Pit River,Big Sage Reservoir,thalassinus,NA,NA,2005,NA,TuiChub_RADseq_Plate14_N,NEBNext 23,GAGTGG,CAGCGTTA,14,90028581,15579646,1.5385,data/align/plate-14-GGCAGCGTTATGCAGG.sort.flt.bam,data/downsample/plate-14-GGCAGCGTTATGCAGG.reduced.bam,thalassinus
plate-14-GGGAATCTGATGCAGG,D10,BSR05_04,PITR_SAGE_2005_004_N,Pit River,Big Sage Reservoir,thalassinus,NA,NA,2005,NA,TuiChub_RADseq_Plate14_N,NEBNext 23,GAGTGG,GAATCTGA,14,18851261,4877995,0.496056,data/align/plate-14-GGGAATCTGATGCAGG.sort.flt.bam,data/downsample/plate-14-GGGAATCTGATGCAGG.reduced.bam,thalassinus
plate-14-GGGTCTGTCATGCAGG,E10,BSR05_05,PITR_SAGE_2005_005_N,Pit River,Big Sage Reservoir,thalassinus,NA,NA,2005,NA,TuiChub_RADseq_Plate14_N,NEBNext 23,GAGTGG,GTCTGTCA,14,60894649,11766360,1.17221,data/align/plate-14-GGGTCTGTCATGCAGG.sort.flt.bam,data/downsample/plate-14-GGGTCTGTCATGCAGG.reduced.bam,thalassinus
plate-14-GGAAGAGATCTGCAGG,F10,BSR05_06,PITR_SAGE_2005_006_N,Pit River,Big Sage Reservoir,thalassinus,NA,NA,2005,NA,TuiChub_RADseq_Plate14_N,NEBNext 23,GAGTGG,AAGAGATC,14,10096246,3337640,0.33959,data/align/plate-14-GGAAGAGATCTGCAGG.sort.flt.bam,data/downsample/plate-14-GGAAGAGATCTGCAGG.reduced.bam,thalassinus
plate-14-GGATTGGCTCTGCAGG,G10,BSR05_07,PITR_SAGE_2005_007_N,Pit River,Big Sage Reservoir,thalassinus,NA,NA,2005,NA,TuiChub_RADseq_Plate14_N,NEBNext 23,GAGTGG,ATTGGCTC,14,17546836,5032581,0.513066,data/align/plate-14-GGATTGGCTCTGCAGG.sort.flt.bam,data/downsample/plate-14-GGATTGGCTCTGCAGG.reduced.bam,thalassinus
plate-14-GGGAGTTAGCTGCAGG,H10,BSR05_09,PITR_SAGE_2005_009_N,Pit River,Big Sage Reservoir,thalassinus,NA,NA,2005,NA,TuiChub_RADseq_Plate14_N,NEBNext 23,GAGTGG,GAGTTAGC,14,14089399,4196177,0.428195,data/align/plate-14-GGGAGTTAGCTGCAGG.sort.flt.bam,data/downsample/plate-14-GGGAGTTAGCTGCAGG.reduced.bam,thalassinus
plate-14-GGCATCAAGTTGCAGG,A11,BSR05_10,PITR_SAGE_2005_010_N,Pit River,Big Sage Reservoir,thalassinus,NA,NA,2005,NA,TuiChub_RADseq_Plate14_N,NEBNext 23,GAGTGG,CATCAAGT,14,16883770,4813598,0.490481,data/align/plate-14-GGCATCAAGTTGCAGG.sort.flt.bam,data/downsample/plate-14-GGCATCAAGTTGCAGG.reduced.bam,thalassinus
plate-14-GGACTATGCATGCAGG,B11,BSR05_11,PITR_SAGE_2005_011_N,Pit River,Big Sage Reservoir,thalassinus,NA,NA,2005,NA,TuiChub_RADseq_Plate14_N,NEBNext 23,GAGTGG,ACTATGCA,14,26045573,6646219,0.674368,data/align/plate-14-GGACTATGCATGCAGG.sort.flt.bam,data/downsample/plate-14-GGACTATGCATGCAGG.reduced.bam,thalassinus
plate-14-GGCATACCAATGCAGG,C11,BSR05_12,PITR_SAGE_2005_012_N,Pit River,Big Sage Reservoir,thalassinus,NA,NA,2005,NA,TuiChub_RADseq_Plate14_N,NEBNext 23,GAGTGG,CATACCAA,14,7613885,2547561,0.261342,data/align/plate-14-GGCATACCAATGCAGG.sort.flt.bam,data/downsample/plate-14-GGCATACCAATGCAGG.reduced.bam,thalassinus
plate-14-GGGACTAGTATGCAGG,D11,BSR05_14,PITR_SAGE_2005_014_N,Pit River,Big Sage Reservoir,thalassinus,NA,NA,2005,NA,TuiChub_RADseq_Plate14_N,NEBNext 23,GAGTGG,GACTAGTA,14,17714575,5011654,0.512256,data/align/plate-14-GGGACTAGTATGCAGG.sort.flt.bam,data/downsample/plate-14-GGGACTAGTATGCAGG.reduced.bam,thalassinus
plate-14-GGGTGTTCTATGCAGG,E11,BSR05_15,PITR_SAGE_2005_015_N,Pit River,Big Sage Reservoir,thalassinus,NA,NA,2005,NA,TuiChub_RADseq_Plate14_N,NEBNext 23,GAGTGG,GTGTTCTA,14,24023397,6305052,0.640328,data/align/plate-14-GGGTGTTCTATGCAGG.sort.flt.bam,data/downsample/plate-14-GGGTGTTCTATGCAGG.reduced.bam,thalassinus
plate-14-GGAAGGACACTGCAGG,F11,KNY05_01,HRNY_KNEY_2005_001_N,Harney County,Kueny Canyon,bicolor,columbianus,NA,2005,NA,TuiChub_RADseq_Plate14_N,NEBNext 23,GAGTGG,AAGGACAC,14,9690984,3280379,0.321584,data/align/plate-14-GGAAGGACACTGCAGG.sort.flt.bam,data/downsample/plate-14-GGAAGGACACTGCAGG.reduced.bam,bicolor
plate-14-GGCAAGGAGCTGCAGG,G11,KNY05_02,HRNY_KNEY_2005_002_N,Harney County,Kueny Canyon,bicolor,columbianus,NA,2005,NA,TuiChub_RADseq_Plate14_N,NEBNext 23,GAGTGG,CAAGGAGC,14,5116252,1946297,0.194615,data/align/plate-14-GGCAAGGAGCTGCAGG.sort.flt.bam,data/align/plate-14-GGCAAGGAGCTGCAGG.sort.flt.bam,bicolor
plate-14-GGGATGAATCTGCAGG,H11,KNY05_03,HRNY_KNEY_2005_003_N,Harney County,Kueny Canyon,bicolor,columbianus,NA,2005,NA,TuiChub_RADseq_Plate14_N,NEBNext 23,GAGTGG,GATGAATC,14,22254963,6264657,0.618496,data/align/plate-14-GGGATGAATCTGCAGG.sort.flt.bam,data/downsample/plate-14-GGGATGAATCTGCAGG.reduced.bam,bicolor
plate-14-GGAGTGGTCATGCAGG,A12,KNY05_12,HRNY_KNEY_2005_012_N,Harney County,Kueny Canyon,bicolor,columbianus,NA,2005,NA,TuiChub_RADseq_Plate14_N,NEBNext 23,GAGTGG,AGTGGTCA,14,5596749,2139140,0.215966,data/align/plate-14-GGAGTGGTCATGCAGG.sort.flt.bam,data/downsample/plate-14-GGAGTGGTCATGCAGG.reduced.bam,bicolor
plate-14-GGAGAGTCAATGCAGG,B12,KNY05_14,HRNY_KNEY_2005_014_N,Harney County,Kueny Canyon,bicolor,columbianus,NA,2005,NA,TuiChub_RADseq_Plate14_N,NEBNext 23,GAGTGG,AGAGTCAA,14,10813215,3707468,0.369462,data/align/plate-14-GGAGAGTCAATGCAGG.sort.flt.bam,data/downsample/plate-14-GGAGAGTCAATGCAGG.reduced.bam,bicolor
plate-14-GGCCAGTTCATGCAGG,C12,KNY05_15,HRNY_KNEY_2005_015_N,Harney County,Kueny Canyon,bicolor,columbianus,NA,2005,NA,TuiChub_RADseq_Plate14_N,NEBNext 23,GAGTGG,CCAGTTCA,14,8912373,3139453,0.315225,data/align/plate-14-GGCCAGTTCATGCAGG.sort.flt.bam,data/downsample/plate-14-GGCCAGTTCATGCAGG.reduced.bam,bicolor
plate-15-GGACAAGCTATGCAGG,A1,KNY05_17,HRNY_KNEY_2005_017_O,Harney County,Kueny Canyon,bicolor,columbianus,NA,2005,NA,TuiChub_RADseq_Plate15_O,NEBNext 25,ACTGAT,ACAAGCTA,15,14413373,5406780,0.537992,data/align/plate-15-GGACAAGCTATGCAGG.sort.flt.bam,data/downsample/plate-15-GGACAAGCTATGCAGG.reduced.bam,bicolor
plate-15-GGAACAACCATGCAGG,B1,KNY05_25,HRNY_KNEY_2005_025_O,Harney County,Kueny Canyon,bicolor,columbianus,NA,2005,NA,TuiChub_RADseq_Plate15_O,NEBNext 25,ACTGAT,AACAACCA,15,11726785,4869306,0.484403,data/align/plate-15-GGAACAACCATGCAGG.sort.flt.bam,data/downsample/plate-15-GGAACAACCATGCAGG.reduced.bam,bicolor
plate-15-GGAGATCGCATGCAGG,C1,KNY05_41,HRNY_KNEY_2005_041_O,Harney County,Kueny Canyon,bicolor,columbianus,NA,2005,NA,TuiChub_RADseq_Plate15_O,NEBNext 25,ACTGAT,AGATCGCA,15,2212489,1157689,0.117183,data/align/plate-15-GGAGATCGCATGCAGG.sort.flt.bam,data/align/plate-15-GGAGATCGCATGCAGG.sort.flt.bam,bicolor
plate-15-GGCCGAAGTATGCAGG,D1,KNY05_45,HRNY_KNEY_2005_045_O,Harney County,Kueny Canyon,bicolor,columbianus,NA,2005,NA,TuiChub_RADseq_Plate15_O,NEBNext 25,ACTGAT,CCGAAGTA,15,11937548,4935089,0.495527,data/align/plate-15-GGCCGAAGTATGCAGG.sort.flt.bam,data/downsample/plate-15-GGCCGAAGTATGCAGG.reduced.bam,bicolor
plate-15-GGGATAGACATGCAGG,E1,KNY05_49,HRNY_KNEY_2005_049_O,Harney County,Kueny Canyon,bicolor,columbianus,NA,2005,NA,TuiChub_RADseq_Plate15_O,NEBNext 25,ACTGAT,GATAGACA,15,1289627,754499,0.0760817,data/align/plate-15-GGGATAGACATGCAGG.sort.flt.bam,data/align/plate-15-GGGATAGACATGCAGG.sort.flt.bam,bicolor
plate-15-GGTATCAGCATGCAGG,F1,KNY05_50,HRNY_KNEY_2005_050_O,Harney County,Kueny Canyon,bicolor,columbianus,NA,2005,NA,TuiChub_RADseq_Plate15_O,NEBNext 25,ACTGAT,TATCAGCA,15,6988175,3307963,0.329616,data/align/plate-15-GGTATCAGCATGCAGG.sort.flt.bam,data/downsample/plate-15-GGTATCAGCATGCAGG.reduced.bam,bicolor
plate-15-GGACGACAAGTGCAGG,G9,RRP23_01,RIRP_RISE_2023_001_O,Rising River Preserve,Rising River,thalassinus,NA,NA,2023,NA,TuiChub_RADseq_Plate15_O,NEBNext 25,ACTGAT,ACGACAAG,15,1167690,623433,0.0653881,data/align/plate-15-GGACGACAAGTGCAGG.sort.flt.bam,data/align/plate-15-GGACGACAAGTGCAGG.sort.flt.bam,thalassinus
plate-15-GGGACAGTGCTGCAGG,H9,RRP23_02,RIRP_RISE_2023_002_O,Rising River Preserve,Rising River,thalassinus,NA,NA,2023,NA,TuiChub_RADseq_Plate15_O,NEBNext 25,ACTGAT,GACAGTGC,15,643089,362973,0.0381872,data/align/plate-15-GGGACAGTGCTGCAGG.sort.flt.bam,data/align/plate-15-GGGACAGTGCTGCAGG.sort.flt.bam,thalassinus
plate-15-GGCAGCGTTATGCAGG,C10,RRP23_05,RIRP_RISE_2023_005_O,Rising River Preserve,Rising River,thalassinus,NA,NA,2023,NA,TuiChub_RADseq_Plate15_O,NEBNext 25,ACTGAT,CAGCGTTA,15,809949,462987,0.0485603,data/align/plate-15-GGCAGCGTTATGCAGG.sort.flt.bam,data/align/plate-15-GGCAGCGTTATGCAGG.sort.flt.bam,thalassinus
plate-15-GGGAATCTGATGCAGG,D10,RRP23_06,RIRP_RISE_2023_006_O,Rising River Preserve,Rising River,thalassinus,NA,NA,2023,NA,TuiChub_RADseq_Plate15_O,NEBNext 25,ACTGAT,GAATCTGA,15,406293,236529,0.0248005,data/align/plate-15-GGGAATCTGATGCAGG.sort.flt.bam,data/align/plate-15-GGGAATCTGATGCAGG.sort.flt.bam,thalassinus
plate-15-GGGTCTGTCATGCAGG,E10,RRP23_07,RIRP_RISE_2023_007_O,Rising River Preserve,Rising River,thalassinus,NA,NA,2023,NA,TuiChub_RADseq_Plate15_O,NEBNext 25,ACTGAT,GTCTGTCA,15,532655,304873,0.0319709,data/align/plate-15-GGGTCTGTCATGCAGG.sort.flt.bam,data/align/plate-15-GGGTCTGTCATGCAGG.sort.flt.bam,thalassinus
plate-15-GGAAGAGATCTGCAGG,F10,RRP23_08,RIRP_RISE_2023_008_O,Rising River Preserve,Rising River,thalassinus,NA,NA,2023,NA,TuiChub_RADseq_Plate15_O,NEBNext 25,ACTGAT,AAGAGATC,15,1251676,675106,0.0708334,data/align/plate-15-GGAAGAGATCTGCAGG.sort.flt.bam,data/align/plate-15-GGAAGAGATCTGCAGG.sort.flt.bam,thalassinus
plate-15-GGATTGGCTCTGCAGG,G10,RRP23_09,RIRP_RISE_2023_009_O,Rising River Preserve,Rising River,thalassinus,NA,NA,2023,NA,TuiChub_RADseq_Plate15_O,NEBNext 25,ACTGAT,ATTGGCTC,15,1095391,591440,0.0620169,data/align/plate-15-GGATTGGCTCTGCAGG.sort.flt.bam,data/align/plate-15-GGATTGGCTCTGCAGG.sort.flt.bam,thalassinus
plate-15-GGGAGTTAGCTGCAGG,H10,RRP23_10,RIRP_RISE_2023_010_O,Rising River Preserve,Rising River,thalassinus,NA,NA,2023,NA,TuiChub_RADseq_Plate15_O,NEBNext 25,ACTGAT,GAGTTAGC,15,645359,367980,0.038673,data/align/plate-15-GGGAGTTAGCTGCAGG.sort.flt.bam,data/align/plate-15-GGGAGTTAGCTGCAGG.sort.flt.bam,thalassinus
plate-15-GGCATCAAGTTGCAGG,A11,RRP23_11,RIRP_RISE_2023_011_O,Rising River Preserve,Rising River,thalassinus,NA,NA,2023,NA,TuiChub_RADseq_Plate15_O,NEBNext 25,ACTGAT,CATCAAGT,15,504627,293052,0.030768,data/align/plate-15-GGCATCAAGTTGCAGG.sort.flt.bam,data/align/plate-15-GGCATCAAGTTGCAGG.sort.flt.bam,thalassinus
plate-15-GGACTATGCATGCAGG,B11,RRP23_12,RIRP_RISE_2023_012_O,Rising River Preserve,Rising River,thalassinus,NA,NA,2023,NA,TuiChub_RADseq_Plate15_O,NEBNext 25,ACTGAT,ACTATGCA,15,370233,221277,0.0232383,data/align/plate-15-GGACTATGCATGCAGG.sort.flt.bam,data/align/plate-15-GGACTATGCATGCAGG.sort.flt.bam,thalassinus
plate-15-GGGACTAGTATGCAGG,D11,RRP23_14,RIRP_RISE_2023_014_O,Rising River Preserve,Rising River,thalassinus,NA,NA,2023,NA,TuiChub_RADseq_Plate15_O,NEBNext 25,ACTGAT,GACTAGTA,15,889890,495682,0.0519785,data/align/plate-15-GGGACTAGTATGCAGG.sort.flt.bam,data/align/plate-15-GGGACTAGTATGCAGG.sort.flt.bam,thalassinus
plate-15-GGGTGTTCTATGCAGG,E11,RRP23_15,RIRP_RISE_2023_015_O,Rising River Preserve,Rising River,thalassinus,NA,NA,2023,NA,TuiChub_RADseq_Plate15_O,NEBNext 25,ACTGAT,GTGTTCTA,15,778578,436918,0.0457829,data/align/plate-15-GGGTGTTCTATGCAGG.sort.flt.bam,data/align/plate-15-GGGTGTTCTATGCAGG.sort.flt.bam,thalassinus
